id,index,commonNameZh,scientificName,icon_path,photo_url,photo_cache,icon_top_colors,photo_top_colors,color_distance,icon_complexity,photo_complexity,complexity_gap,risk_level
fish-001,001,河豚,Acanthopagrus latus,assets/fish/icons/generated/001.png,https://inaturalist-open-data.s3.amazonaws.com/photos/41426256/large.jpg,data\fish_audit4\photo_cache\fish-001.jpg,"#F0F0F0,#D01010,#B01010","#B0B090,#B09070,#907050",0.9328,49.89,20.06,29.83,高風險
fish-002,002,魟魚,Spondyliosoma cantharus,assets/fish/icons/generated/002.png,https://inaturalist-open-data.s3.amazonaws.com/photos/531386046/large.jpg,data\fish_audit4\photo_cache\fish-002.jpg,"#D01010,#505050,#901010","#709070,#90B090,#507050",0.9278,26.35,22.86,3.49,中風險
fish-003,003,三角魚,Rhabdosargus sarba,assets/fish/icons/generated/003.png,https://inaturalist-open-data.s3.amazonaws.com/photos/452695506/large.jpeg,data\fish_audit4\photo_cache\fish-003.jpg,"#D0F0F0,#D0D0F0,#F0F0F0","#707070,#507070,#505070",0.9913,19.82,11.51,8.31,中風險
fish-004,004,三鬚魚,Lutjanus russellii,assets/fish/icons/generated/004.png,https://inaturalist-open-data.s3.amazonaws.com/photos/83501289/large.jpg,data\fish_audit4\photo_cache\fish-004.jpg,"#D0F0F0,#D0D0F0,#F0F0F0","#909090,#B0B0B0,#707070",0.9913,19.63,28.85,9.22,中風險
fish-005,005,九肚魚,Lutjanus argentimaculatus,assets/fish/icons/generated/005.png,https://static.inaturalist.org/photos/224966772/large.jpeg,data\fish_audit4\photo_cache\fish-005.jpg,"#B0F0F0,#70F0F0,#90F0F0","#101010,#303030,#503030",0.9839,17.78,0.00,17.78,高風險
fish-006,006,咬仔鳚,,assets/fish/icons/generated/006.png,https://upload.wikimedia.org/wikipedia/commons/3/30/Tompot_Blenny_AHG1.jpg,data\fish_audit4\photo_cache\fish-006.jpg,"#D0F0F0,#D0D0F0,#F0F0F0","#907070,#705050,#909070",0.9819,19.80,22.04,2.24,中風險
fish-007,007,四指馬友,Epinephelus coioides,assets/fish/icons/generated/007.png,https://static.inaturalist.org/photos/421816214/large.jpeg,data\fish_audit4\photo_cache\fish-007.jpg,"#301050,#301070,#D0D0D0","#505050,#303030,#707070",0.7266,44.26,28.19,16.07,中風險
fish-008,008,大眼扁頭魚,Epinephelus malabaricus,assets/fish/icons/generated/008.png,https://static.inaturalist.org/photos/25405443/large.jpg,data\fish_audit4\photo_cache\fish-008.jpg,"#D0B070,#705030,#F0D090","#303030,#101010,#505030",0.8043,37.93,27.97,9.96,中風險
fish-009,009,大頭帶魚,Epinephelus akaara,assets/fish/icons/generated/009.png,https://static.inaturalist.org/photos/67181260/large.jpeg,data\fish_audit4\photo_cache\fish-009.jpg,"#101030,#101010,#F0F0F0","#30F0B0,#30F090,#50F0B0",0.9919,55.47,3.83,51.64,高風險
fish-010,010,大頭黃姑魚,Plectropomus leopardus,assets/fish/icons/generated/010.png,https://inaturalist-open-data.s3.amazonaws.com/photos/368379613/large.jpg,data\fish_audit4\photo_cache\fish-010.jpg,"#103070,#F0F0F0,#B0B0B0","#101030,#103050,#101010",0.8413,37.88,14.96,22.92,中風險
fish-011,011,寶石隆頭魚,Siganus fuscescens,assets/fish/icons/generated/011.png,https://inaturalist-open-data.s3.amazonaws.com/photos/459084177/large.jpg,data\fish_audit4\photo_cache\fish-011.jpg,"#D0F0F0,#D0D0F0,#F0F0F0","#505050,#305050,#303030",0.9872,19.83,8.59,11.24,中風險
fish-012,012,小帶紋石首魚,Scatophagus argus,assets/fish/icons/generated/012.png,https://inaturalist-open-data.s3.amazonaws.com/photos/171540853/large.jpeg,data\fish_audit4\photo_cache\fish-012.jpg,"#F0F0F0,#1070D0,#103050","#303050,#90B0B0,#90B090",0.8784,32.64,30.48,2.16,中風險
fish-013,013,岩魚,Chelon labrosus,assets/fish/icons/generated/013.png,https://inaturalist-open-data.s3.amazonaws.com/photos/162225594/large.jpg,data\fish_audit4\photo_cache\fish-013.jpg,"#F0F0F0,#101010,#301010","#707070,#709070,#909090",0.9975,9.83,3.54,6.29,中風險
fish-014,014,斑點石鱸,Ellochelon vaigiensis,assets/fish/icons/generated/014.png,https://inaturalist-open-data.s3.amazonaws.com/photos/23475092/large.jpeg,data\fish_audit4\photo_cache\fish-014.jpg,"#F0F0F0,#101010,#F0F0D0","#707070,#909090,#907070",0.9300,46.78,15.57,31.20,高風險
fish-015,015,斑點金鼓,Lateolabrax japonicus,assets/fish/icons/generated/015.png,https://static.inaturalist.org/photos/61342151/large.jpg,data\fish_audit4\photo_cache\fish-015.jpg,"#F0F0F0,#1070D0,#105090","#303030,#101010,#503030",0.7972,39.95,8.85,31.11,中風險
fish-016,016,斑點鱚,Lates calcarifer,assets/fish/icons/generated/016.png,https://inaturalist-open-data.s3.amazonaws.com/photos/185179192/large.jpg,data\fish_audit4\photo_cache\fish-016.jpg,"#F0F0F0,#101010,#1070D0","#90B070,#909070,#909050",0.9075,51.14,7.35,43.79,高風險
fish-017,017,旗魚,Eleutheronema tetradactylum,assets/fish/icons/generated/017.png,https://inaturalist-open-data.s3.amazonaws.com/photos/5002958/large.jpg,data\fish_audit4\photo_cache\fish-017.jpg,"#F0F0F0,#101010,#303030","#70B0D0,#7090D0,#507090",0.9361,51.51,11.17,40.34,高風險
fish-018,018,日本真鱸,Trichiurus lepturus,assets/fish/icons/generated/018.png,https://static.inaturalist.org/photos/181477483/large.jpg,data\fish_audit4\photo_cache\fish-018.jpg,"#303030,#F0F0F0,#505050","#707050,#705050,#909090",0.6620,50.29,14.05,36.24,中風險
fish-019,019,日本馬頭魚,Platycephalus indicus,assets/fish/icons/generated/019.png,https://inaturalist-open-data.s3.amazonaws.com/photos/396400155/large.jpeg,data\fish_audit4\photo_cache\fish-019.jpg,"#301050,#301070,#F0F0F0","#F0F0F0,#707070,#F0D0D0",0.6497,41.31,54.50,13.19,低風險
fish-020,020,條紋伏波魚,,assets/fish/icons/generated/020.png,https://upload.wikimedia.org/wikipedia/commons/1/1f/Notropis_stramineus.jpg,data\fish_audit4\photo_cache\fish-020.jpg,"#D0F0F0,#D0D0F0,#F0F0F0","#F0F0F0,#D0D0B0,#F0D0B0",0.5859,19.83,11.40,8.43,低風險
fish-021,021,梭子魚,Synodus variegatus,assets/fish/icons/generated/021.png,https://inaturalist-open-data.s3.amazonaws.com/photos/30808247/large.jpg,data\fish_audit4\photo_cache\fish-021.jpg,"#F0F0F0,#D01010,#B01010","#705050,#907070,#503030",0.8081,46.83,23.39,23.43,中風險
fish-022,022,沙甸魚,Harpadon nehereus,assets/fish/icons/generated/022.png,https://static.inaturalist.org/photos/22207916/large.jpeg,data\fish_audit4\photo_cache\fish-022.jpg,"#D0F0F0,#1090D0,#F0F0F0","#907070,#909090,#D0D0D0",0.9685,23.74,31.55,7.82,中風險
fish-023,023,油魚,,assets/fish/icons/generated/023.png,https://upload.wikimedia.org/wikipedia/commons/8/8b/Dongtae-jeon_and_donggeurang-ttaeng.jpg,data\fish_audit4\photo_cache\fish-023.jpg,"#D0F0F0,#D0D0F0,#F0F0F0","#B09050,#907030,#907050",0.9963,19.83,20.18,0.35,中風險
fish-024,024,海鯽,Nemipterus virgatus,assets/fish/icons/generated/024.png,https://inaturalist-open-data.s3.amazonaws.com/photos/199294742/large.jpg,data\fish_audit4\photo_cache\fish-024.jpg,"#F0F0F0,#D0F0F0,#30D0F0","#B0B0B0,#907050,#907070",0.8687,16.03,20.50,4.47,中風險
fish-025,025,海鱔,Umbrina roncador,assets/fish/icons/generated/025.png,https://static.inaturalist.org/photos/50887928/large.jpg,data\fish_audit4\photo_cache\fish-025.jpg,"#101010,#303010,#901010","#303030,#505030,#101010",0.5266,42.09,26.70,15.39,低風險
fish-026,026,獨角革魨,Pennahia macrocephala,assets/fish/icons/generated/026.png,https://inaturalist-open-data.s3.amazonaws.com/photos/167191195/large.jpeg,data\fish_audit4\photo_cache\fish-026.jpg,"#505050,#707050,#105090","#90B0D0,#7090B0,#B0D0F0",0.7919,32.48,40.76,8.28,中風險
fish-027,027,白點竹鯊,,assets/fish/icons/generated/027.png,https://upload.wikimedia.org/wikipedia/commons/b/b0/Chrysochir_aureus_%28Richardson%2C_1846%29.jpg,data\fish_audit4\photo_cache\fish-027.jpg,"#905010,#D09010,#F0F0F0","#1070B0,#105090,#1050B0",0.9668,43.01,4.35,38.67,高風險
fish-028,028,皇帝魚,Leiognathus equula,assets/fish/icons/generated/028.png,https://inaturalist-open-data.s3.amazonaws.com/photos/72776138/large.jpg,data\fish_audit4\photo_cache\fish-028.jpg,"#503010,#705010,#F0F0F0","#905030,#D0D0D0,#705030",0.6505,41.95,23.58,18.38,低風險
fish-029,029,短吻飛魚,Photopectoralis bindus,assets/fish/icons/generated/029.png,https://inaturalist-open-data.s3.amazonaws.com/photos/425931931/large.jpeg,data\fish_audit4\photo_cache\fish-029.jpg,"#D0F0F0,#D0D0F0,#F0F0F0","#D0D0D0,#909070,#705050",0.8442,19.83,24.61,4.78,中風險
fish-030,030,石首魚,Gnathanodon speciosus,assets/fish/icons/generated/030.png,https://inaturalist-open-data.s3.amazonaws.com/photos/361844564/large.jpeg,data\fish_audit4\photo_cache\fish-030.jpg,"#B0B0B0,#D0F0F0,#1090D0","#905030,#703030,#503010",0.9530,32.42,41.71,9.29,中風險
fish-031,031,窄帶馬鮫,Platycaranx malabaricus,assets/fish/icons/generated/031.png,https://inaturalist-open-data.s3.amazonaws.com/photos/396455734/large.jpeg,data\fish_audit4\photo_cache\fish-031.jpg,"#F0F0F0,#301070,#101030","#D0D0F0,#B0B0D0,#B0D0F0",0.6160,46.13,42.65,3.47,低風險
fish-032,032,紅魔鬼岩魚,Trachurus novaezelandiae,assets/fish/icons/generated/032.png,https://inaturalist-open-data.s3.amazonaws.com/photos/14760631/large.jpeg,data\fish_audit4\photo_cache\fish-032.jpg,"#F0F0F0,#101010,#301010","#105070,#107090,#103050",0.9571,15.51,8.16,7.35,中風險
fish-033,033,羊魚,Scomberoides lysan,assets/fish/icons/generated/033.png,https://inaturalist-open-data.s3.amazonaws.com/photos/568300826/large.jpg,data\fish_audit4\photo_cache\fish-033.jpg,"#F0F0F0,#50D0F0,#70D0F0","#705030,#F09050,#905030",0.9202,42.30,46.45,4.14,中風險
fish-034,034,羊魚（鬚）,Rastrelliger kanagurta,assets/fish/icons/generated/034.png,https://inaturalist-open-data.s3.amazonaws.com/photos/254005025/large.jpg,data\fish_audit4\photo_cache\fish-034.jpg,"#F0F0F0,#103050,#D0F0F0","#305030,#305010,#505030",0.9542,37.66,9.91,27.75,高風險
fish-035,035,花生魚,Scomberomorus commerson,assets/fish/icons/generated/035.png,https://inaturalist-open-data.s3.amazonaws.com/photos/218054923/large.jpg,data\fish_audit4\photo_cache\fish-035.jpg,"#D0F0F0,#D0D0F0,#F0F0F0","#507090,#5070B0,#307090",0.9942,19.83,3.55,16.28,高風險
fish-036,036,花鰹,Euthynnus affinis,assets/fish/icons/generated/036.png,https://inaturalist-open-data.s3.amazonaws.com/photos/490499838/large.jpg,data\fish_audit4\photo_cache\fish-036.jpg,"#F0F0F0,#D0D0D0,#9090B0","#305070,#305090,#507090",0.7657,43.10,21.31,21.79,中風險
fish-037,037,蛋斑隆頭魚,Thunnus tonggol,assets/fish/icons/generated/037.png,https://inaturalist-open-data.s3.amazonaws.com/photos/431555995/large.jpg,data\fish_audit4\photo_cache\fish-037.jpg,"#1070D0,#F0F0F0,#3090F0","#7090B0,#5090B0,#307090",0.9301,21.99,14.83,7.16,中風險
fish-038,038,角聲魚,Parastromateus niger,assets/fish/icons/generated/038.png,https://inaturalist-open-data.s3.amazonaws.com/photos/240696337/large.jpeg,data\fish_audit4\photo_cache\fish-038.jpg,"#F0F0F0,#101010,#103090","#909090,#707070,#B0B0B0",0.8081,46.18,32.18,14.01,中風險
fish-039,039,豹紋珊瑚鱸,Pampus argenteus,assets/fish/icons/generated/039.png,https://static.inaturalist.org/photos/22208601/large.jpeg,data\fish_audit4\photo_cache\fish-039.jpg,"#F03010,#F05010,#901010","#703030,#D0D0D0,#503030",0.7769,33.78,14.19,19.60,中風險
fish-040,040,連米銀腹魚,Diodon holocanthus,assets/fish/icons/generated/040.png,https://inaturalist-open-data.s3.amazonaws.com/photos/6493337/large.jpg,data\fish_audit4\photo_cache\fish-040.jpg,"#D0F0F0,#D0D0F0,#F0F0F0","#303010,#101010,#707030",0.9583,19.83,29.81,9.98,中風險
fish-041,041,里夫黃姑魚,Pterois volitans,assets/fish/icons/generated/041.png,https://static.inaturalist.org/photos/29368079/large.jpg,data\fish_audit4\photo_cache\fish-041.jpg,"#105090,#F0F0F0,#1050B0","#907050,#909050,#707050",0.8716,32.17,7.73,24.44,中風險
fish-042,042,金目鱸,Synanceia verrucosa,assets/fish/icons/generated/042.png,https://inaturalist-open-data.s3.amazonaws.com/photos/76659416/large.jpg,data\fish_audit4\photo_cache\fish-042.jpg,"#103070,#105090,#103050","#101010,#303030,#505030",0.7872,42.36,13.69,28.67,中風險
fish-043,043,金線馬頭魚,Scorpaena porcus,assets/fish/icons/generated/043.png,https://inaturalist-open-data.s3.amazonaws.com/photos/51396772/large.jpg,data\fish_audit4\photo_cache\fish-043.jpg,"#501090,#7030B0,#F0F0F0","#301010,#503010,#101010",0.8756,38.98,49.87,10.89,中風險
fish-044,044,銀鯡,Hypanus americanus,assets/fish/icons/generated/044.png,https://inaturalist-open-data.s3.amazonaws.com/photos/5856356/large.jpg,data\fish_audit4\photo_cache\fish-044.jpg,"#90F0F0,#D0F0F0,#F0F0F0","#90B0B0,#90B090,#B0B0B0",0.8914,26.59,3.71,22.88,中風險
fish-045,045,銀鯧,Chiloscyllium plagiosum,assets/fish/icons/generated/045.png,https://inaturalist-open-data.s3.amazonaws.com/photos/452814206/large.jpeg,data\fish_audit4\photo_cache\fish-045.jpg,"#301050,#D0D0D0,#F0F0F0","#101030,#103030,#103050",0.8650,44.21,7.36,36.85,中風險
fish-046,046,銀鱚,Cantherhines pullus,assets/fish/icons/generated/046.png,https://inaturalist-open-data.s3.amazonaws.com/photos/599527615/large.jpg,data\fish_audit4\photo_cache\fish-046.jpg,"#B0F0F0,#F0F0F0,#D0F0F0","#7090B0,#707070,#505050",0.9655,20.71,17.96,2.75,中風險
fish-047,047,青鱗小沙丁,Aluterus monoceros,assets/fish/icons/generated/047.png,https://inaturalist-open-data.s3.amazonaws.com/photos/4614108/large.jpeg,data\fish_audit4\photo_cache\fish-047.jpg,"#D0F0F0,#D0D0F0,#F0F0F0","#505030,#101010,#505050",0.9674,19.83,27.25,7.42,中風險
fish-048,048,髭尾扁頭魚,Asterorhombus cocosensis,assets/fish/icons/generated/048.png,https://upload.wikimedia.org/wikipedia/commons/9/97/Flatfish_%2882546%29.jpg,data\fish_audit4\photo_cache\fish-048.jpg,"#F0F0F0,#1090F0,#1070D0","#909090,#709090,#505050",0.9724,33.90,2.07,31.83,高風險
fish-049,049,鮣魚,Gymnothorax undulatus,assets/fish/icons/generated/049.png,https://inaturalist-open-data.s3.amazonaws.com/photos/112702429/large.jpg,data\fish_audit4\photo_cache\fish-049.jpg,"#F0F0F0,#103030,#105090","#303030,#909090,#707070",0.8930,17.31,36.20,18.89,中風險
fish-050,050,鯷魚,Conger conger,assets/fish/icons/generated/050.png,https://inaturalist-open-data.s3.amazonaws.com/photos/5346790/large.jpg,data\fish_audit4\photo_cache\fish-050.jpg,"#D0F0F0,#B0F0F0,#90F0F0","#5070B0,#303030,#3070B0",0.9968,30.91,19.03,11.88,高風險
fish-051,051,鰶魚,Pagrus major,assets/fish/icons/generated/051.png,https://inaturalist-open-data.s3.amazonaws.com/photos/436455057/large.jpeg,data\fish_audit4\photo_cache\fish-051.jpg,"#D0F0F0,#F0F0F0,#D0D0F0","#B0D0D0,#B0B0B0,#B0D0F0",0.7196,19.83,19.24,0.59,低風險
fish-052,052,黃姑魚,Nibea albiflora,assets/fish/icons/generated/052.png,https://inaturalist-open-data.s3.amazonaws.com/photos/638059905/large.jpg,data\fish_audit4\photo_cache\fish-052.jpg,"#1050B0,#101050,#10B0F0","#505050,#707070,#707050",0.9057,33.34,24.25,9.09,中風險
fish-053,053,黃甲魚,,assets/fish/icons/generated/053.png,https://static.inaturalist.org/photos/25741066/large.jpeg,data\fish_audit4\photo_cache\fish-053.jpg,"#F0F0F0,#1050B0,#1070D0","#303030,#707050,#505030",0.8544,41.56,22.99,18.58,中風險
fish-054,054,黑帶金鼓,,assets/fish/icons/generated/054.png,https://inaturalist-open-data.s3.amazonaws.com/photos/669450569/large.jpg,data\fish_audit4\photo_cache\fish-054.jpg,"#D0F0F0,#D0D0F0,#F0F0F0","#3070B0,#5070B0,#F0F0F0",0.8517,19.83,18.99,0.84,中風險
fish-055,055,黑邊銀鯽,Alepes apercna,assets/fish/icons/generated/055.png,https://inaturalist-open-data.s3.amazonaws.com/photos/400119177/large.jpeg,data\fish_audit4\photo_cache\fish-055.jpg,"#D0F0F0,#D0D0F0,#F0F0F0","#B0B090,#B0B0B0,#90B090",0.9854,19.83,7.79,12.04,中風險
fish-056,056,黑鯧,Parastromateus niger,assets/fish/icons/generated/056.png,https://inaturalist-open-data.s3.amazonaws.com/photos/664746643/large.jpg,data\fish_audit4\photo_cache\fish-056.jpg,"#101030,#303030,#103050","#B0B0B0,#D0D0D0,#909090",0.8470,37.41,14.42,22.99,中風險
fish-057,057,鼠尾隆頭魚,,assets/fish/icons/generated/057.png,https://inaturalist-open-data.s3.amazonaws.com/photos/670258061/large.jpg,data\fish_audit4\photo_cache\fish-057.jpg,"#70D0F0,#D0F0F0,#50D0F0","#101090,#101070,#1010B0",0.9832,33.13,10.33,22.80,高風險
fish-058,058,龍舟魚,Sillago argentifasciata,assets/fish/icons/generated/058.png,https://inaturalist-open-data.s3.amazonaws.com/photos/652073832/large.jpg,data\fish_audit4\photo_cache\fish-058.jpg,"#D0F0F0,#D0D0F0,#F0F0F0","#909090,#B0B0B0,#D0D0D0",0.9916,19.83,12.64,7.19,中風險
fish-059,059,半嘴魚,Upeneichthys porosus,assets/fish/icons/generated/059.png,https://inaturalist-open-data.s3.amazonaws.com/photos/597288607/large.jpg,data\fish_audit4\photo_cache\fish-059.jpg,"#F0F0F0,#10D0F0,#B0F0F0","#101010,#303030,#103010",0.9155,29.19,11.20,17.99,中風險
fish-060,060,針魚,Helotes octolineatus,assets/fish/icons/generated/060.png,https://static.inaturalist.org/photos/560865392/large.jpg,data\fish_audit4\photo_cache\fish-060.jpg,"#D01010,#B01010,#F03030","#101010,#303030,#909090",0.6987,37.59,30.86,6.72,低風險
fish-061,061,青針魚,Terapon puta,assets/fish/icons/generated/061.png,https://inaturalist-open-data.s3.amazonaws.com/photos/162032088/large.jpeg,data\fish_audit4\photo_cache\fish-061.jpg,"#D0F0F0,#D0D0F0,#F0F0F0","#D0D0D0,#B0B0B0,#D0B0B0",0.9213,19.83,23.49,3.67,中風險
fish-062,062,比目魚,Gerres subfasciatus,assets/fish/icons/generated/062.png,https://inaturalist-open-data.s3.amazonaws.com/photos/668820074/large.jpg,data\fish_audit4\photo_cache\fish-062.jpg,"#907030,#B07030,#1050B0","#705050,#707050,#505030",0.8991,27.87,14.55,13.33,中風險
fish-063,063,海鯰,Engraulis australis,assets/fish/icons/generated/063.png,https://inaturalist-open-data.s3.amazonaws.com/photos/668122379/large.jpg,data\fish_audit4\photo_cache\fish-063.jpg,"#B01010,#D01010,#901010","#907050,#B09070,#705030",0.9322,16.60,33.81,17.22,中風險
fish-064,064,大鱗烏頭,Sardinella aurita,assets/fish/icons/generated/064.png,https://inaturalist-open-data.s3.amazonaws.com/photos/669176909/large.jpg,data\fish_audit4\photo_cache\fish-064.jpg,"#1050B0,#103050,#1070D0","#D09090,#B07070,#705050",0.8935,31.70,15.62,16.08,中風險
fish-065,065,彈塗魚,Sphyraena barracuda,assets/fish/icons/generated/065.png,https://inaturalist-open-data.s3.amazonaws.com/photos/669802751/large.gif,data\fish_audit4\photo_cache\fish-065.jpg,"#F0F0F0,#B0F0F0,#907050","#50B0B0,#70D0F0,#5090B0",0.7818,22.90,11.67,11.23,中風險
fish-066,066,灰烏頭,Petalichthys capensis,assets/fish/icons/generated/066.png,https://inaturalist-open-data.s3.amazonaws.com/photos/668829093/large.jpg,data\fish_audit4\photo_cache\fish-066.jpg,"#103090,#1050B0,#103070","#5090B0,#509090,#3090B0",0.9937,31.09,3.98,27.11,高風險
fish-067,067,狗母魚,Hemiramphus far,assets/fish/icons/generated/067.png,https://inaturalist-open-data.s3.amazonaws.com/photos/665644894/large.jpg,data\fish_audit4\photo_cache\fish-067.jpg,"#1070B0,#1090D0,#D0B070","#707070,#709070,#909090",0.9530,32.93,3.01,29.91,高風險
fish-068,068,花狗母魚,Tandanus tandanus,assets/fish/icons/generated/068.png,https://inaturalist-open-data.s3.amazonaws.com/photos/668865252/large.jpg,data\fish_audit4\photo_cache\fish-068.jpg,"#D0F0F0,#D0D0F0,#F0F0F0","#D0D0D0,#D0D0F0,#F0F0F0",0.5201,19.83,46.44,26.61,低風險
fish-069,069,鰕虎魚,Genidens barbus,assets/fish/icons/generated/069.png,https://inaturalist-open-data.s3.amazonaws.com/photos/235897032/large.jpeg,data\fish_audit4\photo_cache\fish-069.jpg,"#F0F0F0,#F0D090,#70F0F0","#F0F0F0,#101010,#F0D0D0",0.3811,28.10,26.47,1.63,低風險
fish-070,070,鰻尾鯰,Gerres simillimus,assets/fish/icons/generated/070.png,https://inaturalist-open-data.s3.amazonaws.com/photos/670186089/large.jpg,data\fish_audit4\photo_cache\fish-070.jpg,"#301010,#901010,#B01010","#90B0B0,#709090,#90D0D0",0.9911,17.74,29.78,12.04,高風險
fish-071,071,康吉鰻,Neogobius melanostomus,assets/fish/icons/generated/071.png,https://inaturalist-open-data.s3.amazonaws.com/photos/669962200/large.jpg,data\fish_audit4\photo_cache\fish-071.jpg,"#101030,#303030,#505050","#D0B0B0,#F0B0D0,#303010",0.8535,28.80,34.02,5.22,中風險
fish-072,072,獅子魚,Periophthalmus barbarus,assets/fish/icons/generated/072.png,https://inaturalist-open-data.s3.amazonaws.com/photos/659481669/large.jpg,data\fish_audit4\photo_cache\fish-072.jpg,"#F0F0F0,#D01010,#701010","#707070,#907070,#909070",0.9101,56.37,9.80,46.57,高風險
fish-073,073,石頭魚,Stephanolepis cirrhifer,assets/fish/icons/generated/073.png,https://upload.wikimedia.org/wikipedia/commons/thumb/f/f0/Stephanolepis_cirrhifer.jpg/330px-Stephanolepis_cirrhifer.jpg,data\fish_audit4\photo_cache\fish-073.jpg,"#101010,#301010,#303010","#B0D030,#B0D050,#B0B030",0.9116,41.57,17.14,24.43,中風險
fish-074,074,蠍子魚,Apogon imberbis,assets/fish/icons/generated/074.png,https://static.inaturalist.org/photos/669643008/large.jpg,data\fish_audit4\photo_cache\fish-074.jpg,"#D01010,#301010,#701010","#101010,#303030,#505030",0.5819,42.40,39.45,2.95,低風險
fish-075,075,橙點石斑,Chaetodon marleyi,assets/fish/icons/generated/075.png,https://upload.wikimedia.org/wikipedia/commons/thumb/e/e8/Chaetodon_marleyi.jpg/330px-Chaetodon_marleyi.jpg,data\fish_audit4\photo_cache\fish-075.jpg,"#F0F0F0,#501090,#301070","#101010,#503010,#303010",0.7717,47.84,29.83,18.01,中風險
fish-076,076,芝麻石斑,Chromis chromis,assets/fish/icons/generated/076.png,https://inaturalist-open-data.s3.amazonaws.com/photos/620319775/large.jpg,data\fish_audit4\photo_cache\fish-076.jpg,"#F0F0F0,#101010,#503010","#303030,#505050,#305050",0.9693,7.23,20.00,12.77,中風險
fish-077,077,花頭石斑,Sparisoma viride,assets/fish/icons/generated/077.png,https://upload.wikimedia.org/wikipedia/commons/thumb/f/f3/Stoplight-parrotfish.jpg/330px-Stoplight-parrotfish.jpg,data\fish_audit4\photo_cache\fish-077.jpg,"#F0F0F0,#503010,#101010","#70B090,#103030,#50B090",0.9556,21.81,30.44,8.63,中風險
fish-078,078,香港石斑,Balistoides viridescens,assets/fish/icons/generated/078.png,https://static.inaturalist.org/photos/669474093/large.jpg,data\fish_audit4\photo_cache\fish-078.jpg,"#703010,#301070,#501010","#505050,#305050,#507070",0.9398,34.69,8.76,25.93,高風險
fish-079,079,馬拉巴石斑,Ostracion cubicum,assets/fish/icons/generated/079.png,https://upload.wikimedia.org/wikipedia/commons/thumb/c/cc/Ostracion_cubicum_400115646.jpg/330px-Ostracion_cubicum_400115646.jpg,data\fish_audit4\photo_cache\fish-079.jpg,"#303010,#705030,#503010","#105050,#103030,#307070",0.8991,40.35,31.19,9.16,中風險
fish-080,080,黑線石斑,Remora remora,assets/fish/icons/generated/080.png,https://inaturalist-open-data.s3.amazonaws.com/photos/669401717/large.jpg,data\fish_audit4\photo_cache\fish-080.jpg,"#F0F0F0,#101010,#103050","#B0D0D0,#909090,#907070",0.9608,15.30,17.13,1.83,中風險
fish-081,081,龍膽石斑,Etelis coruscans,assets/fish/icons/generated/081.png,https://upload.wikimedia.org/wikipedia/commons/thumb/8/85/Fis01167_%2828136581836%29.jpg/330px-Fis01167_%2828136581836%29.jpg,data\fish_audit4\photo_cache\fish-081.jpg,"#F0F0F0,#101010,#303010","#101010,#F0B030,#D09010",0.8913,7.21,40.14,32.92,中風險
fish-082,082,箱魨,,assets/fish/icons/generated/082.png,https://inaturalist-open-data.s3.amazonaws.com/photos/670113432/large.jpg,data\fish_audit4\photo_cache\fish-082.jpg,"#F0F0F0,#101010,#B0F0F0","#509090,#307050,#509070",0.9989,1.60,26.29,24.69,高風險
fish-083,083,扳機魚,,assets/fish/icons/generated/083.png,https://inaturalist-open-data.s3.amazonaws.com/photos/656945904/large.jpg,data\fish_audit4\photo_cache\fish-083.jpg,"#F0F0F0,#101030,#303050","#507090,#7090B0,#5070B0",0.8619,36.33,15.61,20.73,中風險
fish-084,084,橙點馬面魨,,assets/fish/icons/generated/084.png,https://inaturalist-open-data.s3.amazonaws.com/photos/323196991/large.jpg,data\fish_audit4\photo_cache\fish-084.jpg,"#1070D0,#F0F0F0,#505030","#B07030,#905030,#503010",0.8484,33.10,37.49,4.39,中風險
fish-085,085,長帆馬面魨,Diplodus lineatus,assets/fish/icons/generated/085.png,https://inaturalist-open-data.s3.amazonaws.com/photos/662689093/large.jpg,data\fish_audit4\photo_cache\fish-085.jpg,"#F0F0F0,#1070D0,#90F0F0","#303050,#709090,#103050",0.9816,37.91,21.45,16.45,高風險
fish-086,086,蝶魚,,assets/fish/icons/generated/086.png,https://inaturalist-open-data.s3.amazonaws.com/photos/670221573/large.jpg,data\fish_audit4\photo_cache\fish-086.jpg,"#F0F0F0,#F0D010,#101030","#507090,#5090B0,#5070B0",0.9917,38.84,4.91,33.93,高風險
fish-087,087,鸚哥魚,,assets/fish/icons/generated/087.png,https://inaturalist-open-data.s3.amazonaws.com/photos/670241162/large.jpg,data\fish_audit4\photo_cache\fish-087.jpg,"#F0F0F0,#1050D0,#1090F0","#305030,#50B090,#103010",0.9286,46.82,18.32,28.50,高風險
fish-088,088,泥鯭,Jordanella floridae,assets/fish/icons/generated/088.png,https://inaturalist-open-data.s3.amazonaws.com/photos/668621658/large.jpg,data\fish_audit4\photo_cache\fish-088.jpg,"#901010,#D01010,#701010","#F0F0F0,#503030,#705050",0.7157,42.74,52.13,9.39,低風險
fish-089,089,三點雀鯛,,assets/fish/icons/generated/089.png,https://inaturalist-open-data.s3.amazonaws.com/photos/315467921/large.jpg,data\fish_audit4\photo_cache\fish-089.jpg,"#D0F0F0,#D0D0F0,#F0F0F0","#105030,#305030,#507030",0.9677,19.83,28.89,9.06,中風險
fish-090,090,天竺鯛,,assets/fish/icons/generated/090.png,https://inaturalist-open-data.s3.amazonaws.com/photos/670200308/large.jpg,data\fish_audit4\photo_cache\fish-090.jpg,"#F0F0F0,#1070D0,#1050D0","#70B0D0,#70B0B0,#5090B0",0.9609,32.68,16.05,16.63,中風險
fish-091,091,星點笛鯛,Lutjanus stellatus,assets/fish/icons/generated/091.png,https://inaturalist-open-data.s3.amazonaws.com/photos/631342707/large.jpg,data\fish_audit4\photo_cache\fish-091.jpg,"#F0F0F0,#1050B0,#1070D0","#70D0B0,#70B090,#70D090",0.9704,43.11,7.01,36.10,高風險
fish-092,092,橫帶小鯛,,assets/fish/icons/generated/092.png,https://inaturalist-open-data.s3.amazonaws.com/photos/429002392/large.jpeg,data\fish_audit4\photo_cache\fish-092.jpg,"#D0F0F0,#D0D0F0,#F0F0F0","#505050,#305050,#705050",0.9945,19.85,5.46,14.39,高風險
fish-093,093,沙鯛,Epinephelus lanceolatus,assets/fish/icons/generated/093.png,https://static.inaturalist.org/photos/386562137/large.jpg,data\fish_audit4\photo_cache\fish-093.jpg,"#F0F0F0,#D0F0F0,#90D0F0","#90B0F0,#9090D0,#B0D0F0",0.7950,34.40,14.45,19.94,中風險
fish-094,094,油鯛,Plectorhinchus flavomaculatus,assets/fish/icons/generated/094.png,https://inaturalist-open-data.s3.amazonaws.com/photos/669422906/large.jpg,data\fish_audit4\photo_cache\fish-094.jpg,"#F0F0F0,#1070D0,#1050B0","#3070B0,#307090,#5090B0",0.9688,35.99,16.31,19.67,高風險
fish-095,095,火焰笛鯛,Lutjanus stellatus,assets/fish/icons/generated/095.png,https://inaturalist-open-data.s3.amazonaws.com/photos/631342707/large.jpg,data\fish_audit4\photo_cache\fish-095.jpg,"#F0F0F0,#10B0F0,#1070D0","#70D0B0,#70B090,#70D090",0.9950,18.30,7.01,11.29,高風險
fish-096,096,牙點鯛,Selaroides leptolepis,assets/fish/icons/generated/096.png,https://inaturalist-open-data.s3.amazonaws.com/photos/668373905/large.jpg,data\fish_audit4\photo_cache\fish-096.jpg,"#F0F0F0,#D0D0D0,#103050","#D0D0D0,#909090,#B0B0B0",0.7564,16.39,21.57,5.19,中風險
fish-097,097,白鯛,Sillaginodes punctatus,assets/fish/icons/generated/097.png,https://upload.wikimedia.org/wikipedia/commons/thumb/3/3c/Sillaginodes_punctatus_juvenile.jpg/330px-Sillaginodes_punctatus_juvenile.jpg,data\fish_audit4\photo_cache\fish-097.jpg,"#F0F0F0,#1050B0,#D0D0D0","#909050,#909070,#707050",0.9755,37.47,20.95,16.52,高風險
fish-098,098,約翰笛鯛,Sebastes caurinus,assets/fish/icons/generated/098.png,https://inaturalist-open-data.s3.amazonaws.com/photos/669921780/large.jpg,data\fish_audit4\photo_cache\fish-098.jpg,"#7030B0,#301070,#501090","#D0D0D0,#705030,#B0B0B0",0.8432,38.55,25.57,12.98,中風險
fish-099,099,紅樹笛鯛,,assets/fish/icons/generated/099.png,https://static.inaturalist.org/photos/94146480/large.jpg,data\fish_audit4\photo_cache\fish-099.jpg,"#301050,#301070,#B01010","#103050,#707070,#305050",0.9278,40.38,19.24,21.14,中風險
fish-100,100,紅鯛,Sparisoma rubripinne,assets/fish/icons/generated/100.png,https://inaturalist-open-data.s3.amazonaws.com/photos/670063499/large.jpg,data\fish_audit4\photo_cache\fish-100.jpg,"#1070D0,#1050B0,#103070","#709070,#507050,#507070",0.8411,33.43,12.24,21.19,中風險
fish-101,101,羅素笛鯛,,assets/fish/icons/generated/101.png,https://inaturalist-open-data.s3.amazonaws.com/photos/537061413/large.jpg,data\fish_audit4\photo_cache\fish-101.jpg,"#F0F0F0,#105090,#1050B0","#101010,#303030,#90B090",0.7877,38.68,37.53,1.14,中風險
fish-102,102,赤鯛,Neoscorpis lithophilus,assets/fish/icons/generated/102.png,https://inaturalist-open-data.s3.amazonaws.com/photos/630890937/large.jpg,data\fish_audit4\photo_cache\fish-102.jpg,"#F0F0F0,#1070D0,#1050B0","#907050,#907070,#909070",0.8360,35.30,18.49,16.81,中風險
fish-103,103,金線鯛,Ostorhinchus cyanosoma,assets/fish/icons/generated/103.png,https://inaturalist-open-data.s3.amazonaws.com/photos/667650497/large.jpg,data\fish_audit4\photo_cache\fish-103.jpg,"#D0D0D0,#B0B0B0,#F0F0F0","#103010,#101010,#303010",0.9573,33.53,18.87,14.67,中風險
fish-104,104,金線鯛王,Selar crumenophthalmus,assets/fish/icons/generated/104.png,https://upload.wikimedia.org/wikipedia/commons/thumb/4/4d/Fish4443_-_Flickr_-_NOAA_Photo_Library.jpg/330px-Fish4443_-_Flickr_-_NOAA_Photo_Library.jpg,data\fish_audit4\photo_cache\fish-104.jpg,"#F0F0F0,#105090,#B0B0B0","#B0B0D0,#90B0D0,#707050",0.8945,33.25,15.72,17.54,中風險
fish-105,105,鋸緣雀鯛,Ruvettus pretiosus,assets/fish/icons/generated/105.png,https://inaturalist-open-data.s3.amazonaws.com/photos/627420174/large.jpg,data\fish_audit4\photo_cache\fish-105.jpg,"#D0F0F0,#D0D0F0,#F0F0F0","#101010,#505050,#303030",0.9772,19.80,0.25,19.55,高風險
fish-106,106,雀鯛,,assets/fish/icons/generated/106.png,https://static.inaturalist.org/photos/670247124/large.jpg,data\fish_audit4\photo_cache\fish-106.jpg,"#F0F0F0,#101010,#1050B0","#B0B0B0,#90B0B0,#9090B0",0.9961,3.41,2.57,0.84,中風險
fish-107,107,馬友鯛,,assets/fish/icons/generated/107.png,https://inaturalist-open-data.s3.amazonaws.com/photos/575755854/large.jpg,data\fish_audit4\photo_cache\fish-107.jpg,"#1070D0,#F0F0F0,#D0F0F0","#303010,#505030,#707050",0.9553,29.87,49.10,19.23,中風險
fish-108,108,黃尾笛鯛,Dorosoma cepedianum,assets/fish/icons/generated/108.png,https://static.inaturalist.org/photos/668661082/large.jpg,data\fish_audit4\photo_cache\fish-108.jpg,"#D0F0F0,#D0D0F0,#F0F0F0","#707070,#505050,#909090",0.9953,19.86,19.24,0.62,中風險
fish-109,109,黃尾雀鯛,Pomacentrus chrysurus,assets/fish/icons/generated/109.png,https://inaturalist-open-data.s3.amazonaws.com/photos/660086362/large.jpg,data\fish_audit4\photo_cache\fish-109.jpg,"#D0F0F0,#D0D0F0,#F0F0F0","#707070,#505050,#303030",0.9700,19.77,34.51,14.75,中風險
fish-110,110,黃鰭鯛,Acanthopagrus latus,assets/fish/icons/generated/110.png,https://inaturalist-open-data.s3.amazonaws.com/photos/669289807/large.jpg,data\fish_audit4\photo_cache\fish-110.jpg,"#F0F0F0,#D0D0D0,#103070","#909090,#707070,#707090",0.9027,43.24,7.57,35.67,高風險
fish-111,111,黑沙鯛,,assets/fish/icons/generated/111.png,https://inaturalist-open-data.s3.amazonaws.com/photos/89762755/large.jpeg,data\fish_audit4\photo_cache\fish-111.jpg,"#F0F0F0,#303030,#101010","#707070,#909090,#B0B0B0",0.8159,12.67,25.83,13.16,中風險
fish-112,112,黑鯛,Microspathodon chrysurus,assets/fish/icons/generated/112.png,https://inaturalist-open-data.s3.amazonaws.com/photos/668022126/large.jpg,data\fish_audit4\photo_cache\fish-112.jpg,"#303030,#D0D0D0,#103070","#505050,#909070,#B0B090",0.5833,39.75,20.41,19.34,低風險
fish-113,113,印度鯖,,assets/fish/icons/generated/113.png,https://inaturalist-open-data.s3.amazonaws.com/photos/6076438/large.jpg,data\fish_audit4\photo_cache\fish-113.jpg,"#1050B0,#30B0F0,#1090F0","#F0F0F0,#303030,#507050",0.8280,33.86,20.48,13.38,中風險
fish-114,114,大眼竹筴魚,,assets/fish/icons/generated/114.png,https://inaturalist-open-data.s3.amazonaws.com/photos/618095302/large.jpg,data\fish_audit4\photo_cache\fish-114.jpg,"#F0F0F0,#101030,#1070D0","#909090,#707070,#B0B0B0",0.9379,5.14,35.30,30.16,高風險
fish-115,115,大眼竹筴魚王,Eucinostomus gula,assets/fish/icons/generated/115.png,https://inaturalist-open-data.s3.amazonaws.com/photos/668487500/large.jpg,data\fish_audit4\photo_cache\fish-115.jpg,"#D0F0F0,#D0D0F0,#F0F0F0","#707070,#505050,#909070",0.9623,19.79,18.14,1.65,中風險
fish-116,116,橙鰭銀腹鯧鰺,,assets/fish/icons/generated/116.png,https://inaturalist-open-data.s3.amazonaws.com/photos/317147086/large.jpg,data\fish_audit4\photo_cache\fish-116.jpg,"#F0F0F0,#50D0F0,#90F0F0","#303030,#505050,#B0B0B0",0.7034,32.37,38.11,5.74,低風險
fish-117,117,紫胸馬加鰆,Labrus viridis,assets/fish/icons/generated/117.png,https://inaturalist-open-data.s3.amazonaws.com/photos/660187759/large.jpg,data\fish_audit4\photo_cache\fish-117.jpg,"#D0F0F0,#D0D0F0,#F0F0F0","#303050,#303030,#103030",0.9003,19.90,27.84,7.94,中風險
fish-118,118,細鱗竹筴魚,,assets/fish/icons/generated/118.png,https://inaturalist-open-data.s3.amazonaws.com/photos/607742093/large.jpg,data\fish_audit4\photo_cache\fish-118.jpg,"#F0F0F0,#D0F0F0,#B0F0F0","#303050,#303030,#101030",0.8423,29.47,11.89,17.59,中風險
fish-119,119,金鰭鰺,,assets/fish/icons/generated/119.png,https://static.inaturalist.org/photos/462318141/large.jpeg,data\fish_audit4\photo_cache\fish-119.jpg,"#301050,#301070,#501090","#303030,#505050,#707070",0.7780,43.48,39.58,3.90,中風險
fish-120,120,銀腹鯧鰺,Caesio cuning,assets/fish/icons/generated/120.png,https://inaturalist-open-data.s3.amazonaws.com/photos/666433092/large.jpg,data\fish_audit4\photo_cache\fish-120.jpg,"#90F0F0,#B0F0F0,#F0F0F0","#505030,#909090,#707050",0.9258,22.29,30.33,8.03,中風險
fish-121,121,長尾吞拿,,assets/fish/icons/generated/121.png,https://inaturalist-open-data.s3.amazonaws.com/photos/621308388/large.jpg,data\fish_audit4\photo_cache\fish-121.jpg,"#F0F0F0,#B07010,#D09010","#B0B0B0,#D0D0D0,#909090",0.7179,47.83,42.26,5.57,低風險
fish-122,122,馬拉巴鰺,Platycaranx malabaricus,assets/fish/icons/generated/122.png,https://inaturalist-open-data.s3.amazonaws.com/photos/615111969/large.jpg,data\fish_audit4\photo_cache\fish-122.jpg,"#301070,#D0D0D0,#F0F0F0","#909090,#F0F0F0,#D0D0D0",0.3995,45.12,35.42,9.70,低風險
fish-123,123,黃尾擬鰺,,assets/fish/icons/generated/123.png,https://inaturalist-open-data.s3.amazonaws.com/photos/670142923/large.jpg,data\fish_audit4\photo_cache\fish-123.jpg,"#D0F0F0,#D0D0F0,#F0F0F0","#707070,#909090,#B0B0B0",0.9740,19.86,19.78,0.08,中風險
fish-124,124,黃尾竹筴魚,,assets/fish/icons/generated/124.png,https://static.inaturalist.org/photos/660597909/large.jpg,data\fish_audit4\photo_cache\fish-124.jpg,"#10D0F0,#50F0F0,#70F0F0","#505050,#707070,#B0B0B0",0.8916,30.37,44.61,14.24,中風險
fish-125,125,黃條鰺,Rhinomuraena quaesita,assets/fish/icons/generated/125.png,https://upload.wikimedia.org/wikipedia/commons/thumb/0/03/Ribbon_Moray_%28Rhinomuraena_quaesita%29_%286052858389%29_%28cropped%29.jpg/330px-Ribbon_Moray_%28Rhinomuraena_quaesita%29_%286052858389%29_%28cropped%29.jpg,data\fish_audit4\photo_cache\fish-125.jpg,"#F0F0F0,#D0F0F0,#101030","#907050,#101010,#707050",0.9078,36.87,30.08,6.79,中風險
