new_id,commonNameZh,localNameZh,scientificName,query_terms,supplement_url,supplement_source,supplement_title,source_page,status,download_path
004,三鬚魚,三鬚,,三鬚魚 | 三鬚,https://upload.wikimedia.org/wikipedia/commons/thumb/7/72/Pseudorasbora_parva%28edited_version%29.jpg/960px-Pseudorasbora_parva%28edited_version%29.jpg,wikipedia_zh,鲤科,https://zh.wikipedia.org/wiki/%E9%B2%A4%E7%A7%91,downloaded,C:\Users\s0829\fishergo\data\fish_audit5_corrected\wiki_baidu_supplement\photo_cache\fish-004.jpg
006,咬仔鳚,狗母鳚,,咬仔鳚 | 狗母鳚,https://upload.wikimedia.org/wikipedia/commons/thumb/3/30/Tompot_Blenny_AHG1.jpg/960px-Tompot_Blenny_AHG1.jpg,wikipedia_zh,淺紅副䲁,https://zh.wikipedia.org/wiki/%E6%B7%BA%E7%B4%85%E5%89%AF%E4%B2%81,downloaded,C:\Users\s0829\fishergo\data\fish_audit5_corrected\wiki_baidu_supplement\photo_cache\fish-006.jpg
008,大眼扁頭魚,大眼牛鰍,,大眼扁頭魚 | 大眼牛鰍,https://upload.wikimedia.org/wikipedia/commons/7/74/Sicyopterus_fasciatus_Day.png,wikipedia_zh,虾虎鱼科分类表,https://zh.wikipedia.org/wiki/%E8%99%BE%E8%99%8E%E9%B1%BC%E7%A7%91%E5%88%86%E7%B1%BB%E8%A1%A8,downloaded,C:\Users\s0829\fishergo\data\fish_audit5_corrected\wiki_baidu_supplement\photo_cache\fish-008.jpg
011,寶石隆頭魚,寶石青衣,,寶石隆頭魚 | 寶石青衣,,,,,not_found,
029,短吻飛魚,飛魚,,短吻飛魚 | 飛魚,,,,,not_found,
032,紅魔鬼岩魚,紅魔鬼,,紅魔鬼岩魚 | 紅魔鬼,,,,,not_found,
034,羊魚（鬚）,鬚羊魚,,羊魚（鬚） | 鬚羊魚,https://upload.wikimedia.org/wikipedia/commons/thumb/4/4a/Capucin_de_vanicolo_%28Mulloidichthys_vanicolensis%29_%28Ifremer_00764-87584%29.jpg/960px-Capucin_de_vanicolo_%28Mulloidichthys_vanicolensis%29_%28Ifremer_00764-87584%29.jpg,wikimedia_commons,File:Capucin de vanicolo (Mulloidichthys vanicolensis) (Ifremer 00764-87584).jpg,https://commons.wikimedia.org/wiki/File%3ACapucin_de_vanicolo_%28Mulloidichthys_vanicolensis%29_%28Ifremer_00764-87584%29.jpg,downloaded,C:\Users\s0829\fishergo\data\fish_audit5_corrected\wiki_baidu_supplement\photo_cache\fish-034.jpg
035,花生魚,花生魚,,花生魚,https://upload.wikimedia.org/wikipedia/commons/3/34/Satay-souce-Coriander.jpg,wikipedia_zh,沙茶酱,https://zh.wikipedia.org/wiki/%E6%B2%99%E8%8C%B6%E9%85%B1,downloaded,C:\Users\s0829\fishergo\data\fish_audit5_corrected\wiki_baidu_supplement\photo_cache\fish-035.jpg
037,蛋斑隆頭魚,青衣,,蛋斑隆頭魚 | 青衣,https://upload.wikimedia.org/wikipedia/commons/thumb/1/1e/A_typical_food_set_of_Taiwanese_cuisine.jpg/960px-A_typical_food_set_of_Taiwanese_cuisine.jpg,wikipedia_zh,臺灣料理,https://zh.wikipedia.org/wiki/%E8%87%BA%E7%81%A3%E6%96%99%E7%90%86,download_error:HTTPError,
038,角聲魚,角聲,,角聲魚 | 角聲,,,,,not_found,
040,連米銀腹魚,連米魚,,連米銀腹魚 | 連米魚,,,,,not_found,
041,里夫黃姑魚,花黃姑,,里夫黃姑魚 | 花黃姑,,,,,not_found,
046,銀鱚,沙鑽,Sillago argentifasciata,銀鱚 | 沙鑽 | Sillago argentifasciata,,,,,not_found,
053,黃甲魚,黃甲,,黃甲魚 | 黃甲,,,,,not_found,
055,黑邊銀鯽,黑邊銀鯽,,黑邊銀鯽,,,,,not_found,
057,鼠尾隆頭魚,老鼠斑衣,,鼠尾隆頭魚 | 老鼠斑衣,https://upload.wikimedia.org/wikipedia/commons/thumb/9/96/%E8%A5%BF%E5%A0%82%E6%96%87%E9%9B%86%28%E5%9B%9B%29.djvu/page1-960px-%E8%A5%BF%E5%A0%82%E6%96%87%E9%9B%86%28%E5%9B%9B%29.djvu.jpg,wikimedia_commons,File:西堂文集(四).djvu,https://commons.wikimedia.org/wiki/File%3A%E8%A5%BF%E5%A0%82%E6%96%87%E9%9B%86%28%E5%9B%9B%29.djvu,downloaded,C:\Users\s0829\fishergo\data\fish_audit5_corrected\wiki_baidu_supplement\photo_cache\fish-057.jpg
058,龍舟魚,龍舟,,龍舟魚 | 龍舟,https://upload.wikimedia.org/wikipedia/commons/thumb/7/7d/Eastern_District_Dragon_Boat_Race_-_2008-06-01_10h27m16s_SN201415.JPG/960px-Eastern_District_Dragon_Boat_Race_-_2008-06-01_10h27m16s_SN201415.JPG,wikipedia_zh,賽龍舟,https://zh.wikipedia.org/wiki/%E8%B3%BD%E9%BE%8D%E8%88%9F,downloaded,C:\Users\s0829\fishergo\data\fish_audit5_corrected\wiki_baidu_supplement\photo_cache\fish-058.jpg
061,青針魚,青針,,青針魚 | 青針,https://upload.wikimedia.org/wikipedia/commons/d/dd/Hound_600.jpg,wikipedia_zh,鶴鱵科,https://zh.wikipedia.org/wiki/%E9%B6%B4%E9%B1%B5%E7%A7%91,downloaded,C:\Users\s0829\fishergo\data\fish_audit5_corrected\wiki_baidu_supplement\photo_cache\fish-061.jpg
076,芝麻石斑,芝麻斑,,芝麻石斑 | 芝麻斑,https://upload.wikimedia.org/wikipedia/commons/thumb/b/bc/Fj%C3%A6regranitt3.JPG/960px-Fj%C3%A6regranitt3.JPG,wikipedia_zh,花崗岩,https://zh.wikipedia.org/wiki/%E8%8A%B1%E5%B4%97%E5%B2%A9,downloaded,C:\Users\s0829\fishergo\data\fish_audit5_corrected\wiki_baidu_supplement\photo_cache\fish-076.jpg
077,花頭石斑,花頭斑,,花頭石斑 | 花頭斑,https://upload.wikimedia.org/wikipedia/commons/thumb/c/c4/Parachromis_managuensis_2012_G1.jpg/960px-Parachromis_managuensis_2012_G1.jpg,wikipedia_zh,花身副麗魚,https://zh.wikipedia.org/wiki/%E8%8A%B1%E8%BA%AB%E5%89%AF%E9%BA%97%E9%AD%9A,downloaded,C:\Users\s0829\fishergo\data\fish_audit5_corrected\wiki_baidu_supplement\photo_cache\fish-077.jpg
080,黑線石斑,黑線斑,,黑線石斑 | 黑線斑,,,,,not_found,
089,三點雀鯛,三點姑娘魚,,三點雀鯛 | 三點姑娘魚,,,,,not_found,
094,油鯛,油甘魚,,油鯛 | 油甘魚,,,,,not_found,
104,金線鯛王,大紅衫,,金線鯛王 | 大紅衫,,,,,not_found,
105,鋸緣雀鯛,鋸緣姑娘魚,,鋸緣雀鯛 | 鋸緣姑娘魚,,,,,not_found,
107,馬友鯛,馬友鱲,,馬友鯛 | 馬友鱲,,,,,not_found,
111,黑沙鯛,黑沙鱲,,黑沙鯛 | 黑沙鱲,https://upload.wikimedia.org/wikipedia/commons/thumb/5/51/Black_seabream%28side.JPG/960px-Black_seabream%28side.JPG,wikipedia_zh,黑棘鯛,https://zh.wikipedia.org/wiki/%E9%BB%91%E6%A3%98%E9%AF%9B,downloaded,C:\Users\s0829\fishergo\data\fish_audit5_corrected\wiki_baidu_supplement\photo_cache\fish-111.jpg
114,大眼竹筴魚,大眼竹筴,,大眼竹筴魚 | 大眼竹筴,https://upload.wikimedia.org/wikipedia/commons/d/d9/MaAji.jpg,wikipedia_zh,日本竹筴魚,https://zh.wikipedia.org/wiki/%E6%97%A5%E6%9C%AC%E7%AB%B9%E7%AD%B4%E9%AD%9A,downloaded,C:\Users\s0829\fishergo\data\fish_audit5_corrected\wiki_baidu_supplement\photo_cache\fish-114.jpg
123,黃尾擬鰺,黃尾瓜,,黃尾擬鰺 | 黃尾瓜,https://upload.wikimedia.org/wikipedia/commons/a/af/Carangoides_bajad_2.jpg,wikipedia_zh,鰺科,https://zh.wikipedia.org/wiki/%E9%B0%BA%E7%A7%91,downloaded,C:\Users\s0829\fishergo\data\fish_audit5_corrected\wiki_baidu_supplement\photo_cache\fish-123.jpg
