id,name_zh,name_en,type,is_island,district,radius_meters,source,lat,lon,geo_method,geo_note
P001,中環九號碼頭,中環九號碼頭,pier,false,,50,TLB-1-c1.pdf,22.286059998,114.162570004,map.gov.hk locationSearch + geodetic transform,
P002,中環十號碼頭,中環十號碼頭,pier,false,,50,TLB-1-c1.pdf,22.285370343,114.162900169,map.gov.hk locationSearch + geodetic transform,
P003,糖水道碼頭,糖水道碼頭,pier,false,,50,TLB-1-c1.pdf,22.293670445,114.198504994,map.gov.hk locationSearch + geodetic transform,
P004,長洲公眾碼頭,長洲公眾碼頭,pier,false,離島,50,TLB-1-c1.pdf,22.207984508,114.028471227,map.gov.hk locationSearch + geodetic transform,
P005,芝麻灣碼頭,芝麻灣碼頭,pier,false,離島,50,TLB-1-c1.pdf,22.23965401,114.000267838,map.gov.hk locationSearch + geodetic transform,
P006,蘆荻灣碼頭,蘆荻灣碼頭,pier,false,離島,50,TLB-1-c1.pdf,22.22312565,114.126631804,map.gov.hk locationSearch + geodetic transform,
P007,鹿洲村碼頭,鹿洲村碼頭,pier,false,離島,50,TLB-1-c1.pdf,22.218466997,114.130648851,map.gov.hk locationSearch + geodetic transform,
P008,坪洲公眾碼頭,坪洲公眾碼頭,pier,false,離島,50,TLB-1-c1.pdf,22.284175385,114.037832489,map.gov.hk locationSearch + geodetic transform,
P009,蒲台公眾碼頭,蒲台公眾碼頭,pier,false,離島,50,TLB-1-c1.pdf,22.165038897,114.253108764,map.gov.hk locationSearch + geodetic transform,
P010,西灣碼頭,西灣碼頭,pier,false,離島,50,TLB-1-c1.pdf,22.216597698,114.103449356,map.gov.hk locationSearch + geodetic transform,
P011,沙螺灣碼頭,沙螺灣碼頭,pier,false,離島,50,TLB-1-c1.pdf,22.293758641,113.904002788,map.gov.hk locationSearch + geodetic transform,
P012,索罟灣二號碼頭,索罟灣二號碼頭,pier,false,離島,50,TLB-1-c1.pdf,22.206329855,114.131118334,map.gov.hk locationSearch + geodetic transform,
P013,索罟灣公眾碼頭,索罟灣公眾碼頭,pier,false,離島,50,TLB-1-c1.pdf,22.205652491,114.130905195,map.gov.hk locationSearch + geodetic transform,
P014,大利島碼頭,大利島碼頭,pier,false,離島,50,TLB-1-c1.pdf,22.288515419,114.033587632,map.gov.hk locationSearch + geodetic transform,
P015,大澳公眾碼頭,大澳公眾碼頭,pier,false,離島,50,TLB-1-c1.pdf,22.252621165,113.853044201,map.gov.hk locationSearch + geodetic transform,
P016,大水坑碼頭,大水坑碼頭,pier,false,離島,50,TLB-1-c1.pdf,22.281985666,114.023037028,map.gov.hk locationSearch + geodetic transform,
P017,東涌發展碼頭(公眾),東涌發展碼頭(公眾),pier,false,離島,50,TLB-1-c1.pdf,22.294158912,113.940402296,,
P018,東涌公眾碼頭,東涌公眾碼頭,pier,false,離島,50,TLB-1-c1.pdf,22.286257064,113.934214975,map.gov.hk locationSearch + geodetic transform,
P019,榕樹灣發展碼頭,榕樹灣發展碼頭,pier,false,離島,50,TLB-1-c1.pdf,22.225187856,114.110384462,map.gov.hk locationSearch + geodetic transform,
P020,榕樹灣公眾碼頭,榕樹灣公眾碼頭,pier,false,離島,50,TLB-1-c1.pdf,22.207984508,114.028471227,map.gov.hk locationSearch + geodetic transform,
P021,青衣公眾碼頭,青衣公眾碼頭,pier,false,葵青,50,TLB-1-c1.pdf,22.354208013,114.109537072,map.gov.hk locationSearch + geodetic transform,
P022,觀塘公眾碼頭,觀塘公眾碼頭,pier,false,觀塘,50,TLB-1-c1.pdf,22.308647877,114.220227597,map.gov.hk locationSearch + geodetic transform,
P023,鴨洲公眾碼頭,鴨洲公眾碼頭,pier,false,,50,TLB-1-c1.pdf,22.550426745,114.269788019,map.gov.hk locationSearch + geodetic transform,
P024,吉澳洲碼頭,吉澳洲碼頭,pier,false,,50,TLB-1-c1.pdf,22.550142865,114.290029071,map.gov.hk locationSearch + geodetic transform,
P025,沙頭角公眾碼頭,沙頭角公眾碼頭,pier,false,,50,TLB-1-c1.pdf,22.541541767,114.227309178,map.gov.hk locationSearch + geodetic transform,
P026,大廟灣公眾碼頭,大廟灣公眾碼頭,pier,false,西貢,50,TLB-1-c1.pdf,22.269954967,114.288802966,map.gov.hk locationSearch + geodetic transform,
P027,北丫碼頭,北丫碼頭,pier,false,西貢,50,TLB-1-c1.pdf,22.35281146,114.349526267,map.gov.hk locationSearch + geodetic transform,
P028,白沙灣第二碼頭,白沙灣第二碼頭,pier,false,西貢,50,TLB-1-c1.pdf,22.362255895,114.259982846,map.gov.hk locationSearch + geodetic transform,
P029,布袋澳二號碼頭,布袋澳二號碼頭,pier,false,西貢,50,TLB-1-c1.pdf,22.276632871,114.295513056,map.gov.hk locationSearch + geodetic transform,
P030,西貢新公眾碼頭,西貢新公眾碼頭,pier,false,西貢,50,TLB-1-c1.pdf,22.3812119,114.274491497,map.gov.hk locationSearch + geodetic transform,
P031,西貢公眾碼頭,西貢公眾碼頭,pier,false,西貢,50,TLB-1-c1.pdf,22.381518414,114.275355924,map.gov.hk locationSearch + geodetic transform,
P032,大頭洲碼頭,大頭洲碼頭,pier,false,西貢,50,TLB-1-c1.pdf,22.376860483,114.321086432,map.gov.hk locationSearch + geodetic transform,
P033,調景嶺碼頭,調景嶺碼頭,pier,false,西貢,50,TLB-1-c1.pdf,22.306986252,114.264812343,map.gov.hk locationSearch + geodetic transform,
P034,早禾坑碼頭,早禾坑碼頭,pier,false,西貢,50,TLB-1-c1.pdf,22.392165813,114.288589804,map.gov.hk locationSearch + geodetic transform,
P035,東龍洲北碼頭,東龍洲北碼頭,pier,false,西貢,50,TLB-1-c1.pdf,22.258221128,114.293120604,map.gov.hk locationSearch + geodetic transform,
P036,東龍洲公眾碼頭,東龍洲公眾碼頭,pier,false,西貢,50,TLB-1-c1.pdf,22.254647937,114.288926611,map.gov.hk locationSearch + geodetic transform,
P037,鹽田仔碼頭,鹽田仔碼頭,pier,false,西貢,50,TLB-1-c1.pdf,22.377346985,114.300666879,map.gov.hk locationSearch + geodetic transform,
P038,馬料水渡輪碼頭,馬料水渡輪碼頭,pier,false,沙田,50,TLB-1-c1.pdf,22.417169384,114.214423872,map.gov.hk locationSearch + geodetic transform,
P039,烏溪沙碼頭,烏溪沙碼頭,pier,false,沙田,50,TLB-1-c1.pdf,22.429472166,114.23404866,map.gov.hk locationSearch + geodetic transform,
P040,赤柱卜公碼頭,赤柱卜公碼頭,pier,false,,50,TLB-1-c1.pdf,22.217341293,114.210170759,map.gov.hk locationSearch + geodetic transform,
P041,聖士提反灣 (南 )碼頭,聖士提反灣 (南 )碼頭,pier,false,,50,TLB-1-c1.pdf,22.212012294,114.214223499,map.gov.hk locationSearch + geodetic transform,
P042,大潭灣碼頭,大潭灣碼頭,pier,false,,50,TLB-1-c1.pdf,22.238830395,114.225783799,map.gov.hk locationSearch + geodetic transform,
P043,高流灣公眾碼頭,高流灣公眾碼頭,pier,false,大埔,50,TLB-1-c1.pdf,22.458563997,114.360684187,map.gov.hk locationSearch + geodetic transform,
P044,荔枝莊碼頭,荔枝莊碼頭,pier,false,大埔,50,TLB-1-c1.pdf,22.456689462,114.299678248,map.gov.hk locationSearch + geodetic transform,
P045,三門仔村碼頭,三門仔村碼頭,pier,false,大埔,50,TLB-1-c1.pdf,22.455476881,114.213239195,map.gov.hk locationSearch + geodetic transform,
P046,大美督一號碼頭,大美督一號碼頭,pier,false,大埔,50,TLB-1-c1.pdf,22.470443839,114.232510837,map.gov.hk locationSearch + geodetic transform,
P047,大埔鐵路碼頭,大埔鐵路碼頭,pier,false,大埔,50,TLB-1-c1.pdf,22.442549223,114.18398542,map.gov.hk locationSearch + geodetic transform,
P048,塔門碼頭,塔門碼頭,pier,false,大埔,50,TLB-1-c1.pdf,22.470360017,114.358639868,map.gov.hk locationSearch + geodetic transform,
P049,東平洲公眾碼頭,東平洲公眾碼頭,pier,false,大埔,50,TLB-1-c1.pdf,22.544948259,114.433370247,map.gov.hk locationSearch + geodetic transform,
P050,黃石公眾碼頭,黃石公眾碼頭,pier,false,大埔,50,TLB-1-c1.pdf,22.435588638,114.337107171,map.gov.hk locationSearch + geodetic transform,
P051,深井 釣魚灣碼頭,深井 釣魚灣碼頭,pier,false,荃灣,50,TLB-1-c1.pdf,22.365087287,114.058005533,map.gov.hk locationSearch + geodetic transform,
P052,深井公眾碼頭,深井公眾碼頭,pier,false,荃灣,50,TLB-1-c1.pdf,22.364833739,114.057063965,map.gov.hk locationSearch + geodetic transform,
P053,大排咀碼頭,大排咀碼頭,pier,false,荃灣,50,TLB-1-c1.pdf,22.342467938,114.060985515,map.gov.hk locationSearch + geodetic transform,
P054,荃灣渡輪碼頭 (西鐵 ),荃灣渡輪碼頭 (西鐵 ),pier,false,荃灣,50,TLB-1-c1.pdf,22.366724837,114.110725295,map.gov.hk locationSearch + geodetic transform,
P055,油柑頭碼頭,油柑頭碼頭,pier,false,荃灣,50,TLB-1-c1.pdf,22.368227496,114.098529649,map.gov.hk locationSearch + geodetic transform,
P056,嘉道理碼頭,嘉道理碼頭,pier,false,屯門,50,TLB-1-c1.pdf,22.377121163,113.980024506,map.gov.hk locationSearch + geodetic transform,
P057,九龍公眾碼頭,九龍公眾碼頭,pier,false,油尖旺,50,TLB-1-c1.pdf,22.293003496,114.17031435,map.gov.hk locationSearch + geodetic transform,
I001,丫洲,A Chau,island,true,Tai Po,250,Wikipedia raw: List_of_islands_and_peninsulas_of_Hong_Kong,22.439373328,114.222162427,map.gov.hk locationSearch + geodetic transform,
I002,鴉洲,A Chau,island,true,North,250,Wikipedia raw: List_of_islands_and_peninsulas_of_Hong_Kong,22.52775673,114.210886311,map.gov.hk locationSearch + geodetic transform,
I003,北長洲石,Adamasta Rock,island,true,Islands,250,Wikipedia raw: List_of_islands_and_peninsulas_of_Hong_Kong,22.223611623,114.023081361,map.gov.hk locationSearch + geodetic transform,
I004,鴨洲尾白墩排,Ap Chau Mei Pak Tun Pai,island,true,North,250,Wikipedia raw: List_of_islands_and_peninsulas_of_Hong_Kong,22.549586947,114.269748568,map.gov.hk locationSearch + geodetic transform,
I005,鴨洲白墩排,Ap Chau Pak Tun Pai,island,true,North,250,Wikipedia raw: List_of_islands_and_peninsulas_of_Hong_Kong,22.550563531,114.267454818,map.gov.hk locationSearch + geodetic transform,
I006,鴨洲,Ap Chau,island,true,North,250,Wikipedia raw: List_of_islands_and_peninsulas_of_Hong_Kong,22.551962208,114.269254329,map.gov.hk locationSearch + geodetic transform,
I007,鴨脷洲,Ap Lei Chau,island,true,Southern,250,Wikipedia raw: List_of_islands_and_peninsulas_of_Hong_Kong,22.240434767,114.155261574,map.gov.hk locationSearch + geodetic transform,
I008,鴨脷排,Ap Lei Pai,island,true,Southern,250,Wikipedia raw: List_of_islands_and_peninsulas_of_Hong_Kong,22.231224087,114.160597921,map.gov.hk locationSearch + geodetic transform,
I009,鴨籮春,Ap Lo Chun,island,true,North,250,Wikipedia raw: List_of_islands_and_peninsulas_of_Hong_Kong,22.552461357,114.264831068,map.gov.hk locationSearch + geodetic transform,
I010,鴨蛋排,Ap Tan Pai,island,true,North,250,Wikipedia raw: List_of_islands_and_peninsulas_of_Hong_Kong,22.553093106,114.265512024,map.gov.hk locationSearch + geodetic transform,
I011,鴨兜排,Ap Tau Pai,island,true,North,250,Wikipedia raw: List_of_islands_and_peninsulas_of_Hong_Kong,22.535769063,114.272257064,map.gov.hk locationSearch + geodetic transform,
I012,匙洲,Bay Islet,island,true,Sai Kung,250,Wikipedia raw: List_of_islands_and_peninsulas_of_Hong_Kong,22.335632974,114.334148532,map.gov.hk locationSearch + geodetic transform,
I013,打浪排,Breaker Reef,island,true,Tai Po,250,Wikipedia raw: List_of_islands_and_peninsulas_of_Hong_Kong,22.461230186,114.420371668,map.gov.hk locationSearch + geodetic transform,
I014,崩鼻洲,Bun Bei Chau,island,true,Sai Kung,250,Wikipedia raw: List_of_islands_and_peninsulas_of_Hong_Kong,22.336590131,114.367833336,map.gov.hk locationSearch + geodetic transform,
I015,崩紗排,Bun Sha Pai,island,true,Tai Po,250,Wikipedia raw: List_of_islands_and_peninsulas_of_Hong_Kong,22.459208694,114.287555323,map.gov.hk locationSearch + geodetic transform,
I016,茶果洲,Cha Kwo Chau,island,true,Islands,250,Wikipedia raw: List_of_islands_and_peninsulas_of_Hong_Kong,22.214842171,113.946073385,map.gov.hk locationSearch + geodetic transform,
I017,炸魚排,Cha Yue Pai,island,true,Sai Kung,250,Wikipedia raw: List_of_islands_and_peninsulas_of_Hong_Kong,22.380276734,114.29551337,map.gov.hk locationSearch + geodetic transform,
I018,杉排,Cham Pai,island,true,Tai Po,250,Wikipedia raw: List_of_islands_and_peninsulas_of_Hong_Kong,22.490056536,114.365409733,map.gov.hk locationSearch + geodetic transform,
I019,沉排,Cham Pai,island,true,Sai Kung,250,Wikipedia raw: List_of_islands_and_peninsulas_of_Hong_Kong,22.323671583,114.329864375,map.gov.hk locationSearch + geodetic transform,
I020,枕頭洲,Cham Tau Chau,island,true,Sai Kung,250,Wikipedia raw: List_of_islands_and_peninsulas_of_Hong_Kong,22.379333413,114.288657235,map.gov.hk locationSearch + geodetic transform,
I021,執毛洲,Chap Mo Chau,island,true,North,250,Wikipedia raw: List_of_islands_and_peninsulas_of_Hong_Kong,22.514334271,114.294597222,map.gov.hk locationSearch + geodetic transform,
I022,洲仔角,Chau Tsai Kok,island,true,Tai Po,250,Wikipedia raw: List_of_islands_and_peninsulas_of_Hong_Kong,22.471679948,114.357310429,map.gov.hk locationSearch + geodetic transform,
I023,洲仔,Chau Tsai,island,true,Sai Kung,250,Wikipedia raw: List_of_islands_and_peninsulas_of_Hong_Kong,22.353406249,114.350672579,map.gov.hk locationSearch + geodetic transform,
I024,扯里排,Che Lei Pai,island,true,Tai Po,250,Wikipedia raw: List_of_islands_and_peninsulas_of_Hong_Kong,22.463893277,114.290726456,map.gov.hk locationSearch + geodetic transform,
I025,赤洲,Chek Chau,island,true,Tai Po,250,Wikipedia raw: List_of_islands_and_peninsulas_of_Hong_Kong,22.500412797,114.358922082,map.gov.hk locationSearch + geodetic transform,
I026,赤鱲角,Chek Lap Kok,island,true,Islands – now assimilated with Lam Chau into the airport platform and connected to Lantau Island by two bridges,250,Wikipedia raw: List_of_islands_and_peninsulas_of_Hong_Kong,22.306651328,113.930385098,map.gov.hk locationSearch + geodetic transform,
I027,長洲,Cheung Chau,island,true,Islands,250,Wikipedia raw: List_of_islands_and_peninsulas_of_Hong_Kong,22.209123291,114.029478658,map.gov.hk locationSearch + geodetic transform,
I028,長石咀,Cheung Shek Tsui,island,true,North,250,Wikipedia raw: List_of_islands_and_peninsulas_of_Hong_Kong,22.554402221,114.294154807,map.gov.hk locationSearch + geodetic transform,
I029,長索,Cheung Sok,island,true,Tsuen Wan,250,Wikipedia raw: List_of_islands_and_peninsulas_of_Hong_Kong,22.334914555,114.023716789,map.gov.hk locationSearch + geodetic transform,
I030,長咀洲,Cheung Tsui Chau,island,true,Sai Kung,250,Wikipedia raw: List_of_islands_and_peninsulas_of_Hong_Kong,22.413028681,114.406107454,map.gov.hk locationSearch + geodetic transform,
I031,青洲,Ching Chau,island,true,Sai Kung,250,Wikipedia raw: List_of_islands_and_peninsulas_of_Hong_Kong,22.38956402,114.313427989,map.gov.hk locationSearch + geodetic transform,
I032,飯甑洲,Conic Island,island,true,Sai Kung,250,Wikipedia raw: List_of_islands_and_peninsulas_of_Hong_Kong,22.363832778,114.391414798,map.gov.hk locationSearch + geodetic transform,
I033,德己利士礁,Douglas Rock,island,true,Islands,250,Wikipedia raw: List_of_islands_and_peninsulas_of_Hong_Kong,22.2911617,114.069023945,map.gov.hk locationSearch + geodetic transform,
I034,銀洲,Flat Island,island,true,Tai Po,250,Wikipedia raw: List_of_islands_and_peninsulas_of_Hong_Kong,22.478732729,114.3311711,map.gov.hk locationSearch + geodetic transform,
I035,火石洲,Fo Shek Chau,island,true,Sai Kung,250,Wikipedia raw: List_of_islands_and_peninsulas_of_Hong_Kong,22.314648029,114.366007934,map.gov.hk locationSearch + geodetic transform,
I036,火燒排,Fo Siu Pai,island,true,Sai Kung,250,Wikipedia raw: List_of_islands_and_peninsulas_of_Hong_Kong,22.276095199,114.359212498,map.gov.hk locationSearch + geodetic transform,
I037,虎王洲,Fu Wong Chau,island,true,North,250,Wikipedia raw: List_of_islands_and_peninsulas_of_Hong_Kong,22.519667879,114.286534238,map.gov.hk locationSearch + geodetic transform,
I038,墳洲,Fun Chau,island,true,North,250,Wikipedia raw: List_of_islands_and_peninsulas_of_Hong_Kong,22.532859054,114.275958693,map.gov.hk locationSearch + geodetic transform,
I039,青洲,Green Island,island,true,Central & Western,250,Wikipedia raw: List_of_islands_and_peninsulas_of_Hong_Kong,22.38956402,114.313427989,map.gov.hk locationSearch + geodetic transform,
I040,蝦鬚排,Ha So Pai,island,true,Islands,250,Wikipedia raw: List_of_islands_and_peninsulas_of_Hong_Kong,22.224056148,114.015835449,map.gov.hk locationSearch + geodetic transform,
I041,孝子角排,Hau Tsz Kok Pai,island,true,Tai Po,250,Wikipedia raw: List_of_islands_and_peninsulas_of_Hong_Kong,22.480822864,114.353552023,map.gov.hk locationSearch + geodetic transform,
I042,喜靈洲,Hei Ling Chau,island,true,Islands,250,Wikipedia raw: List_of_islands_and_peninsulas_of_Hong_Kong,22.253020239,114.038455042,map.gov.hk locationSearch + geodetic transform,
I043,蜆排,Hin Pai,island,true,Tai Po,250,Wikipedia raw: List_of_islands_and_peninsulas_of_Hong_Kong,22.483183127,114.33281826,map.gov.hk locationSearch + geodetic transform,
I044,殼仔排,Hok Tsai Pai,island,true,Sai Kung,250,Wikipedia raw: List_of_islands_and_peninsulas_of_Hong_Kong,22.271544109,114.350668282,map.gov.hk locationSearch + geodetic transform,
I045,香港島,Hong Kong Island,island,true,,250,Wikipedia raw: List_of_islands_and_peninsulas_of_Hong_Kong,22.26075398,114.196782682,map.gov.hk locationSearch + geodetic transform,
I046,紅排,Hung Pai,island,true,North,250,Wikipedia raw: List_of_islands_and_peninsulas_of_Hong_Kong,22.509830977,114.290618257,map.gov.hk locationSearch + geodetic transform,
I047,雞洲,Kai Chau,island,true,Sai Kung,250,Wikipedia raw: List_of_islands_and_peninsulas_of_Hong_Kong,22.366978044,114.324474484,map.gov.hk locationSearch + geodetic transform,
I048,吉澳,Kat O,island,true,North,250,Wikipedia raw: List_of_islands_and_peninsulas_of_Hong_Kong,22.542029884,114.295233151,map.gov.hk locationSearch + geodetic transform,
I049,狗脾洲,Kau Pei Chau,island,true,Southern,250,Wikipedia raw: List_of_islands_and_peninsulas_of_Hong_Kong,22.204608039,114.260345479,map.gov.hk locationSearch + geodetic transform,
I050,滘西洲,Kau Sai Chau,island,true,Sai Kung,250,Wikipedia raw: List_of_islands_and_peninsulas_of_Hong_Kong,22.359582159,114.314078347,map.gov.hk locationSearch + geodetic transform,
I051,交椅洲,Kau Yi Chau,island,true,Islands,250,Wikipedia raw: List_of_islands_and_peninsulas_of_Hong_Kong,22.28402343,114.076753415,map.gov.hk locationSearch + geodetic transform,
I052,橋頭,Kiu Tau,island,true,Sai Kung,250,Wikipedia raw: List_of_islands_and_peninsulas_of_Hong_Kong,22.480710413,114.154184803,map.gov.hk locationSearch + geodetic transform,
I053,橋咀洲,Kiu Tsui Chau,island,true,Sai Kung,250,Wikipedia raw: List_of_islands_and_peninsulas_of_Hong_Kong,22.364925748,114.29427701,map.gov.hk locationSearch + geodetic transform,
I054,高排,Ko Pai,island,true,North,250,Wikipedia raw: List_of_islands_and_peninsulas_of_Hong_Kong,22.531132585,114.292035477,map.gov.hk locationSearch + geodetic transform,
I055,角大排,Kok Tai Pai,island,true,North,250,Wikipedia raw: List_of_islands_and_peninsulas_of_Hong_Kong,22.514465281,114.300526239,map.gov.hk locationSearch + geodetic transform,
I056,光頭排,Kong Tau Pai,island,true,Sai Kung,250,Wikipedia raw: List_of_islands_and_peninsulas_of_Hong_Kong,22.33892047,114.374971361,map.gov.hk locationSearch + geodetic transform,
I057,九龍石,Kowloon Rock,island,true,Kowloon City,250,Wikipedia raw: List_of_islands_and_peninsulas_of_Hong_Kong,22.316445598,114.19884821,map.gov.hk locationSearch + geodetic transform,
I058,弓洲,Kung Chau,island,true,Tai Po,250,Wikipedia raw: List_of_islands_and_peninsulas_of_Hong_Kong,22.483240591,114.371337778,map.gov.hk locationSearch + geodetic transform,
I059,罐杉環,Kwun Cham Wan,island,true,Sai Kung,250,Wikipedia raw: List_of_islands_and_peninsulas_of_Hong_Kong,22.374158961,114.30099419,map.gov.hk locationSearch + geodetic transform,
I060,觀仔,Kwun Tsai,island,true,Sai Kung,250,Wikipedia raw: List_of_islands_and_peninsulas_of_Hong_Kong,22.264967081,114.279640122,map.gov.hk locationSearch + geodetic transform,
I061,癩痢仔,Lak Lei Tsai,island,true,Sai Kung,250,Wikipedia raw: List_of_islands_and_peninsulas_of_Hong_Kong,22.303590227,114.316935033,map.gov.hk locationSearch + geodetic transform,
I062,南丫島,Lamma Island,island,true,Islands,250,Wikipedia raw: List_of_islands_and_peninsulas_of_Hong_Kong,22.207917056,114.123844109,map.gov.hk locationSearch + geodetic transform,
I063,爛樹排,Lan Shuen Pei,island,true,North,250,Wikipedia raw: List_of_islands_and_peninsulas_of_Hong_Kong,22.530404715,114.272797734,map.gov.hk locationSearch + geodetic transform,
I064,爛頭排,Lan Tau Pai,island,true,Sai Kung,250,Wikipedia raw: List_of_islands_and_peninsulas_of_Hong_Kong,22.405739156,114.387642877,map.gov.hk locationSearch + geodetic transform,
I065,大嶼山,Lantau Island,island,true,Islands,250,Wikipedia raw: List_of_islands_and_peninsulas_of_Hong_Kong,22.258765687,113.9327004,map.gov.hk locationSearch + geodetic transform,
I066,垃圾洲,Lap Sap Chau,island,true,Sai Kung,250,Wikipedia raw: List_of_islands_and_peninsulas_of_Hong_Kong,22.386155813,114.282156598,map.gov.hk locationSearch + geodetic transform,
I067,小青洲,Little Green Island,island,true,Central & Western,250,Wikipedia raw: List_of_islands_and_peninsulas_of_Hong_Kong,22.285632574,114.116818554,map.gov.hk locationSearch + geodetic transform,
I068,羅洲,Lo Chau,island,true,Southern,250,Wikipedia raw: List_of_islands_and_peninsulas_of_Hong_Kong,22.206925787,114.222863261,map.gov.hk locationSearch + geodetic transform,
I069,鷀鸕排,Lo Chi Pai,island,true,North,250,Wikipedia raw: List_of_islands_and_peninsulas_of_Hong_Kong,22.364443072,114.299742813,map.gov.hk locationSearch + geodetic transform,
I070,老虎吊排,Lo Fu Tiu Pai,island,true,Sai Kung,250,Wikipedia raw: List_of_islands_and_peninsulas_of_Hong_Kong,22.36306705,114.32532475,map.gov.hk locationSearch + geodetic transform,
I071,老鼠排,Lo Shue Pai,island,true,Eastern,250,Wikipedia raw: List_of_islands_and_peninsulas_of_Hong_Kong,22.275100708,114.242388382,map.gov.hk locationSearch + geodetic transform,
I072,饅頭排,Loaf Rock,island,true,Islands,250,Wikipedia raw: List_of_islands_and_peninsulas_of_Hong_Kong,22.20875059,114.036946753,map.gov.hk locationSearch + geodetic transform,
I073,鹿洲,Luk Chau,island,true,Islands,250,Wikipedia raw: List_of_islands_and_peninsulas_of_Hong_Kong,22.224807749,114.13508912,map.gov.hk locationSearch + geodetic transform,
I074,龍鼓洲,Lung Kwu Chau,island,true,Tuen Mun,250,Wikipedia raw: List_of_islands_and_peninsulas_of_Hong_Kong,22.376261323,113.883364241,map.gov.hk locationSearch + geodetic transform,
I075,龍山排,Lung Shan Pai,island,true,Southern,250,Wikipedia raw: List_of_islands_and_peninsulas_of_Hong_Kong,22.240839111,114.143252234,map.gov.hk locationSearch + geodetic transform,
I076,龍船排,Lung Shuen Pai,island,true,Sai Kung,250,Wikipedia raw: List_of_islands_and_peninsulas_of_Hong_Kong,22.306609586,114.36706466,map.gov.hk locationSearch + geodetic transform,
I077,甩洲,Lut Chau,island,true,Yuen Long,250,Wikipedia raw: List_of_islands_and_peninsulas_of_Hong_Kong,22.476892194,114.034123417,map.gov.hk locationSearch + geodetic transform,
I078,馬屎洲,Ma Shi Chau,island,true,Tai Po,250,Wikipedia raw: List_of_islands_and_peninsulas_of_Hong_Kong,22.454451842,114.229842447,map.gov.hk locationSearch + geodetic transform,
I079,孖仔排,Ma Tsai Pai,island,true,Sai Kung,250,Wikipedia raw: List_of_islands_and_peninsulas_of_Hong_Kong,22.322852255,114.327242812,map.gov.hk locationSearch + geodetic transform,
I080,馬灣,Ma Wan,island,true,Tsuen Wan,250,Wikipedia raw: List_of_islands_and_peninsulas_of_Hong_Kong,22.349573577,114.059038034,map.gov.hk locationSearch + geodetic transform,
I081,媽印排,Ma Yan Pai,island,true,Tai Po,250,Wikipedia raw: List_of_islands_and_peninsulas_of_Hong_Kong,22.526304321,114.287803122,map.gov.hk locationSearch + geodetic transform,
I082,火藥洲,Magazine Island,island,true,Southern,250,Wikipedia raw: List_of_islands_and_peninsulas_of_Hong_Kong,22.243321741,114.139545968,map.gov.hk locationSearch + geodetic transform,
I083,尾排,Mei Pai,island,true,Islands,250,Wikipedia raw: List_of_islands_and_peninsulas_of_Hong_Kong,22.199047584,113.98054517,map.gov.hk locationSearch + geodetic transform,
I084,熨波洲,Middle Island,island,true,Southern,250,Wikipedia raw: List_of_islands_and_peninsulas_of_Hong_Kong,22.234475679,114.186108837,map.gov.hk locationSearch + geodetic transform,
I085,芒洲仔,Mong Chau Tsai,island,true,Sai Kung,250,Wikipedia raw: List_of_islands_and_peninsulas_of_Hong_Kong,22.371278019,114.301263502,map.gov.hk locationSearch + geodetic transform,
I086,磨洲,Moon Island,island,true,Tai Po,250,Wikipedia raw: List_of_islands_and_peninsulas_of_Hong_Kong,22.479876989,114.333864003,map.gov.hk locationSearch + geodetic transform,
I087,木魚洲,Muk Yue Chau,island,true,Sai Kung,250,Wikipedia raw: List_of_islands_and_peninsulas_of_Hong_Kong,22.388933797,114.311145343,map.gov.hk locationSearch + geodetic transform,
I088,南風洲,Nam Fung Chau,island,true,Sai Kung,250,Wikipedia raw: List_of_islands_and_peninsulas_of_Hong_Kong,22.342342606,114.351823761,map.gov.hk locationSearch + geodetic transform,
I089,五分洲,Ng Fan Chau,island,true,Southern,250,Wikipedia raw: List_of_islands_and_peninsulas_of_Hong_Kong,22.225967138,114.25739977,map.gov.hk locationSearch + geodetic transform,
I090,牙鷹洲,Nga Ying Chau,island,true,Sai Kung Southeast to Ching Chau ({{zh|t=青洲|labels=no}}),250,Wikipedia raw: List_of_islands_and_peninsulas_of_Hong_Kong,22.388848476,114.315932667,map.gov.hk locationSearch + geodetic transform,
I091,牙鷹排,Nga Ying Pai,island,true,Sai Kung,250,Wikipedia raw: List_of_islands_and_peninsulas_of_Hong_Kong,22.24266069,114.28069091,map.gov.hk locationSearch + geodetic transform,
I092,岩口石,Ngam Hau Shek,island,true,Tsuen Wan,250,Wikipedia raw: List_of_islands_and_peninsulas_of_Hong_Kong,22.329651896,114.058666502,map.gov.hk locationSearch + geodetic transform,
I093,牛屎砵,Ngau Shi Pui,island,true,Sai Kung,250,Wikipedia raw: List_of_islands_and_peninsulas_of_Hong_Kong,22.454451842,114.229842447,map.gov.hk locationSearch + geodetic transform,
I094,牛頭排,Ngau Tau Pai,island,true,Sai Kung,250,Wikipedia raw: List_of_islands_and_peninsulas_of_Hong_Kong,22.322205741,114.3016179,map.gov.hk locationSearch + geodetic transform,
I095,娥眉洲,Ngo Mei Chau,island,true,North,250,Wikipedia raw: List_of_islands_and_peninsulas_of_Hong_Kong,22.527077092,114.315992895,map.gov.hk locationSearch + geodetic transform,
I096,果洲群島,Ninepin Group,island,true,Sai Kung,250,Wikipedia raw: List_of_islands_and_peninsulas_of_Hong_Kong,22.263020478,114.357769351,map.gov.hk locationSearch + geodetic transform,
I097,"白洲, Tree Island",Pak Chau,island,true,Tuen Mun,250,Wikipedia raw: List_of_islands_and_peninsulas_of_Hong_Kong,22.356378144,113.874571232,map.gov.hk locationSearch + geodetic transform,
I098,筆架洲,Pak Ka Chau,island,true,North,250,Wikipedia raw: List_of_islands_and_peninsulas_of_Hong_Kong,22.532805732,114.288440167,map.gov.hk locationSearch + geodetic transform,
I099,白馬咀排,Pak Ma Tsui Pai,island,true,Sai Kung,250,Wikipedia raw: List_of_islands_and_peninsulas_of_Hong_Kong,22.347501001,114.27434179,map.gov.hk locationSearch + geodetic transform,
I100,白排,Pak Pai,island,true,Sai Kung,250,Wikipedia raw: List_of_islands_and_peninsulas_of_Hong_Kong,22.307696196,114.309708798,map.gov.hk locationSearch + geodetic transform,
I101,白沙洲,Pak Sha Chau,island,true,North,250,Wikipedia raw: List_of_islands_and_peninsulas_of_Hong_Kong,22.541349892,114.330492069,map.gov.hk locationSearch + geodetic transform,
I102,筆架洲,Pat Ka Chau,island,true,North,250,Wikipedia raw: List_of_islands_and_peninsulas_of_Hong_Kong,22.532805732,114.288440167,map.gov.hk locationSearch + geodetic transform,
I103,雞翼角,Peaked Hill,island,true,Islands,250,Wikipedia raw: List_of_islands_and_peninsulas_of_Hong_Kong,22.216420455,113.836755853,map.gov.hk locationSearch + geodetic transform,
I104,坪洲,Peng Chau,island,true,Islands,250,Wikipedia raw: List_of_islands_and_peninsulas_of_Hong_Kong,22.286073372,114.039664602,map.gov.hk locationSearch + geodetic transform,
I105,龍珠島,Pearl Island,island,true,Tuen Mun,250,Wikipedia raw: List_of_islands_and_peninsulas_of_Hong_Kong,22.36526662,113.989750275,map.gov.hk locationSearch + geodetic transform,
I106,扁洲,Pin Chau,island,true,Sai Kung,250,Wikipedia raw: List_of_islands_and_peninsulas_of_Hong_Kong,22.326502238,114.368489344,map.gov.hk locationSearch + geodetic transform,
I107,平洲,Ping Chau,island,true,Tai Po,250,Wikipedia raw: List_of_islands_and_peninsulas_of_Hong_Kong,22.543227921,114.430567283,map.gov.hk locationSearch + geodetic transform,
I108,平面洲,Ping Min Chau,island,true,Sai Kung,250,Wikipedia raw: List_of_islands_and_peninsulas_of_Hong_Kong,22.31180658,114.318641678,map.gov.hk locationSearch + geodetic transform,
I109,破邊洲,Po Pin Chau,island,true,Sai Kung,250,Wikipedia raw: List_of_islands_and_peninsulas_of_Hong_Kong,22.358431204,114.378396965,map.gov.hk locationSearch + geodetic transform,
I110,蒲苔群島,Po Toi Islands,island,true,Islands,250,Wikipedia raw: List_of_islands_and_peninsulas_of_Hong_Kong,22.180357588,114.265906562,map.gov.hk locationSearch + geodetic transform,
I111,蒲魚排,Po Yue Pai,island,true,Sai Kung,250,Wikipedia raw: List_of_islands_and_peninsulas_of_Hong_Kong,22.546273907,114.295547867,map.gov.hk locationSearch + geodetic transform,
I112,半山石,Pun Shan Shek,island,true,Tsuen Wan,250,Wikipedia raw: List_of_islands_and_peninsulas_of_Hong_Kong,22.321720628,114.068107525,map.gov.hk locationSearch + geodetic transform,
I113,尖柱石,Pyramid Rock,island,true,Sai Kung,250,Wikipedia raw: List_of_islands_and_peninsulas_of_Hong_Kong,22.322143439,114.365969505,map.gov.hk locationSearch + geodetic transform,
I114,銀洲,Round Island,island,true,Southern,250,Wikipedia raw: List_of_islands_and_peninsulas_of_Hong_Kong,22.478732729,114.3311711,map.gov.hk locationSearch + geodetic transform,
I115,細鴨洲,Sai Ap Chau,island,true,North,250,Wikipedia raw: List_of_islands_and_peninsulas_of_Hong_Kong,22.551695528,114.261573668,map.gov.hk locationSearch + geodetic transform,
I116,三排,Sam Pai,island,true,Sai Kung,250,Wikipedia raw: List_of_islands_and_peninsulas_of_Hong_Kong,22.311587847,114.372622887,map.gov.hk locationSearch + geodetic transform,
I117,三杯酒,Sam Pui Chau,island,true,Tai Po,250,Wikipedia raw: List_of_islands_and_peninsulas_of_Hong_Kong,22.432633032,114.271924132,map.gov.hk locationSearch + geodetic transform,
I118,沙洲,Sha Chau,island,true,Tuen Mun,250,Wikipedia raw: List_of_islands_and_peninsulas_of_Hong_Kong,22.345072291,113.889623061,map.gov.hk locationSearch + geodetic transform,
I119,沙排,Sha Pai,island,true,North,250,Wikipedia raw: List_of_islands_and_peninsulas_of_Hong_Kong,22.524849904,114.28856986,map.gov.hk locationSearch + geodetic transform,
I120,沙塘口山,Sha Tong Hau,island,true,Sai Kung,250,Wikipedia raw: List_of_islands_and_peninsulas_of_Hong_Kong,22.320625307,114.350729009,map.gov.hk locationSearch + geodetic transform,
I121,深水排,Sham Shui Pai,island,true,Islands,250,Wikipedia raw: List_of_islands_and_peninsulas_of_Hong_Kong,22.205426247,114.046570555,map.gov.hk locationSearch + geodetic transform,
I122,筲箕排,Shau Kei Pai,island,true,North,250,Wikipedia raw: List_of_islands_and_peninsulas_of_Hong_Kong,22.523185567,114.292466293,map.gov.hk locationSearch + geodetic transform,
I123,石洲,Shek Chau,island,true,Sai Kung,250,Wikipedia raw: List_of_islands_and_peninsulas_of_Hong_Kong,22.173467209,113.907241211,map.gov.hk locationSearch + geodetic transform,
I124,石鼓洲,Shek Kwu Chau,island,true,Islands,250,Wikipedia raw: List_of_islands_and_peninsulas_of_Hong_Kong,22.195760687,113.988424034,map.gov.hk locationSearch + geodetic transform,
I125,石牛洲,Shek Ngau Chau,island,true,Tai Po,250,Wikipedia raw: List_of_islands_and_peninsulas_of_Hong_Kong,22.465914349,114.427958395,map.gov.hk locationSearch + geodetic transform,
I126,牛尾洲,Shelter Island,island,true,Sai Kung,250,Wikipedia raw: List_of_islands_and_peninsulas_of_Hong_Kong,22.327176217,114.296769075,map.gov.hk locationSearch + geodetic transform,
I127,雙排,Sheung Pai,island,true,North,250,Wikipedia raw: List_of_islands_and_peninsulas_of_Hong_Kong,22.548353662,114.262786865,map.gov.hk locationSearch + geodetic transform,
I128,水浸咀排,Shui Cham Tsui Pai,island,true,North,250,Wikipedia raw: List_of_islands_and_peninsulas_of_Hong_Kong,22.531698735,114.227150069,map.gov.hk locationSearch + geodetic transform,
I129,水排,Shui Pai,island,true,Islands,250,Wikipedia raw: List_of_islands_and_peninsulas_of_Hong_Kong,22.212194424,113.986607872,map.gov.hk locationSearch + geodetic transform,
I130,小交椅洲,Siu Kau Yi Chau,island,true,Islands,250,Wikipedia raw: List_of_islands_and_peninsulas_of_Hong_Kong,22.288707571,114.059186139,map.gov.hk locationSearch + geodetic transform,
I131,小稔洲,Siu Nim Chau,island,true,North,250,Wikipedia raw: List_of_islands_and_peninsulas_of_Hong_Kong,22.538417761,114.267398284,map.gov.hk locationSearch + geodetic transform,
I132,小鏟洲,Siu Tsan Chau,island,true,Sai Kung,250,Wikipedia raw: List_of_islands_and_peninsulas_of_Hong_Kong,22.376489303,114.287926719,map.gov.hk locationSearch + geodetic transform,
I133,索罟群島,Soko Islands,island,true,Islands,250,Wikipedia raw: List_of_islands_and_peninsulas_of_Hong_Kong,22.174929579,113.912386968,map.gov.hk locationSearch + geodetic transform,
I134,青洲,Steep Island,island,true,Sai Kung,250,Wikipedia raw: List_of_islands_and_peninsulas_of_Hong_Kong,22.38956402,114.313427989,map.gov.hk locationSearch + geodetic transform,
I135,周公島,Sunshine Island,island,true,Islands,250,Wikipedia raw: List_of_islands_and_peninsulas_of_Hong_Kong,22.261068147,114.051564133,map.gov.hk locationSearch + geodetic transform,
I136,打蠔排,Ta Ho Pai,island,true,North,250,Wikipedia raw: List_of_islands_and_peninsulas_of_Hong_Kong,22.517441376,114.305534545,map.gov.hk locationSearch + geodetic transform,
I137,大洲,Tai Chau,island,true,Sai Kung,250,Wikipedia raw: List_of_islands_and_peninsulas_of_Hong_Kong,22.256598338,114.350746839,map.gov.hk locationSearch + geodetic transform,
I138,大利,Tai Lei,island,true,Islands,250,Wikipedia raw: List_of_islands_and_peninsulas_of_Hong_Kong,22.28931861,114.032985174,map.gov.hk locationSearch + geodetic transform,
I139,大稔洲,Tai Nim Chau,island,true,North,250,Wikipedia raw: List_of_islands_and_peninsulas_of_Hong_Kong,22.542075996,114.265699415,map.gov.hk locationSearch + geodetic transform,
I140,大澳,Tai O,island,true,Islands,250,Wikipedia raw: List_of_islands_and_peninsulas_of_Hong_Kong,22.256955011,113.861814138,map.gov.hk locationSearch + geodetic transform,
I141,大排,Tai Pai,island,true,Sai Kung,250,Wikipedia raw: List_of_islands_and_peninsulas_of_Hong_Kong,22.311933304,114.370711402,map.gov.hk locationSearch + geodetic transform,
I142,大頭洲,Tai Tau Chau (Sai Kung District),island,true,Sai Kung,250,Wikipedia raw: List_of_islands_and_peninsulas_of_Hong_Kong,22.37194313,114.32632454,map.gov.hk locationSearch + geodetic transform,
I143,大頭洲,Tai Tau Chau (Southern District),island,true,Southern,250,Wikipedia raw: List_of_islands_and_peninsulas_of_Hong_Kong,22.37194313,114.32632454,map.gov.hk locationSearch + geodetic transform,
I144,大鏟洲,Tai Tsan Chau,island,true,Sai Kung,250,Wikipedia raw: List_of_islands_and_peninsulas_of_Hong_Kong,22.375584737,114.290110717,map.gov.hk locationSearch + geodetic transform,
I145,燈洲,Tang Chau,island,true,Tai Po,250,Wikipedia raw: List_of_islands_and_peninsulas_of_Hong_Kong,22.446541213,114.257847329,map.gov.hk locationSearch + geodetic transform,
I146,燈籠洲,Tang Lung Chau,island,true,Tsuen Wan,250,Wikipedia raw: List_of_islands_and_peninsulas_of_Hong_Kong,22.340076082,114.062734821,map.gov.hk locationSearch + geodetic transform,
I147,塔門,Tap Mun Chau,island,true,Tai Po,250,Wikipedia raw: List_of_islands_and_peninsulas_of_Hong_Kong,22.476931652,114.360834743,map.gov.hk locationSearch + geodetic transform,
I148,頭洲,Tau Chau,island,true,Southern,250,Wikipedia raw: List_of_islands_and_peninsulas_of_Hong_Kong,22.224451182,114.191830835,map.gov.hk locationSearch + geodetic transform,
I149,磨刀洲,The Brothers,island,true,Tuen Mun,250,Wikipedia raw: List_of_islands_and_peninsulas_of_Hong_Kong,22.479876989,114.333864003,map.gov.hk locationSearch + geodetic transform,
I150,鐵蔘洲,Tit Cham Chau,island,true,Sai Kung,250,Wikipedia raw: List_of_islands_and_peninsulas_of_Hong_Kong,22.263668621,114.276505391,map.gov.hk locationSearch + geodetic transform,
I151,鐵樹排,Tit Shue Pai,island,true,Tai Po,250,Wikipedia raw: List_of_islands_and_peninsulas_of_Hong_Kong,22.319849682,114.163458984,map.gov.hk locationSearch + geodetic transform,
I152,吊鐘洲,Tiu Chung Chau,island,true,Sai Kung,250,Wikipedia raw: List_of_islands_and_peninsulas_of_Hong_Kong,22.333790933,114.324342457,map.gov.hk locationSearch + geodetic transform,
I153,吊鐘排,Tiu Chung Pai,island,true,Sai Kung,250,Wikipedia raw: List_of_islands_and_peninsulas_of_Hong_Kong,22.325892985,114.32011187,map.gov.hk locationSearch + geodetic transform,
I154,塘口排,Tong Hau Pai,island,true,Sai Kung,250,Wikipedia raw: List_of_islands_and_peninsulas_of_Hong_Kong,22.34158015,114.346998195,map.gov.hk locationSearch + geodetic transform,
I155,劏人排,Tong Yan Pai,island,true,Southern,250,Wikipedia raw: List_of_islands_and_peninsulas_of_Hong_Kong,22.211172785,114.212681214,map.gov.hk locationSearch + geodetic transform,
I156,伙頭墳洲,Town Island,island,true,Sai Kung,250,Wikipedia raw: List_of_islands_and_peninsulas_of_Hong_Kong,22.334065889,114.364141258,map.gov.hk locationSearch + geodetic transform,
I157,大癩痢,Trio Island,island,true,Sai Kung,250,Wikipedia raw: List_of_islands_and_peninsulas_of_Hong_Kong,22.300698028,114.319697975,map.gov.hk locationSearch + geodetic transform,
I158,Tsim Chau Group,Tsim Chau Group,island,true,Sai Kung,250,Wikipedia raw: List_of_islands_and_peninsulas_of_Hong_Kong,22.401722314,114.386325749,map.gov.hk locationSearch + geodetic transform,
I159,青洲,Tsing Chau,island,true,North,250,Wikipedia raw: List_of_islands_and_peninsulas_of_Hong_Kong,22.38956402,114.313427989,map.gov.hk locationSearch + geodetic transform,
I160,青衣島,Tsing Yi Island,island,true,Kwai Tsing,250,Wikipedia raw: List_of_islands_and_peninsulas_of_Hong_Kong,22.351759434,114.106480164,map.gov.hk locationSearch + geodetic transform,
I161,咀排,Tsui Pai,island,true,Islands,250,Wikipedia raw: List_of_islands_and_peninsulas_of_Hong_Kong,22.216476262,113.980103883,map.gov.hk locationSearch + geodetic transform,
I162,斷頭洲,Tuen Tau Chau,island,true,Sai Kung,250,Wikipedia raw: List_of_islands_and_peninsulas_of_Hong_Kong,22.370966296,114.295476348,map.gov.hk locationSearch + geodetic transform,
I163,東龍洲,Tung Lung Chau,island,true,Sai Kung,250,Wikipedia raw: List_of_islands_and_peninsulas_of_Hong_Kong,22.248253819,114.289522987,map.gov.hk locationSearch + geodetic transform,
I164,棟心洲,Tung Sam Chau,island,true,Sai Kung,250,Wikipedia raw: List_of_islands_and_peninsulas_of_Hong_Kong,22.325662845,114.368109649,map.gov.hk locationSearch + geodetic transform,
I165,灣仔排,Wai Chau Pai,island,true,Tai Po,250,Wikipedia raw: List_of_islands_and_peninsulas_of_Hong_Kong,22.490056536,114.365409733,map.gov.hk locationSearch + geodetic transform,
I166,桅夾排,Wai Kap Pai,island,true,Sai Kung,250,Wikipedia raw: List_of_islands_and_peninsulas_of_Hong_Kong,22.331242041,114.345209315,map.gov.hk locationSearch + geodetic transform,
I167,橫洲,Wang Chau,island,true,Sai Kung,250,Wikipedia raw: List_of_islands_and_peninsulas_of_Hong_Kong,22.451213444,114.018761004,map.gov.hk locationSearch + geodetic transform,
I168,橫排,Wang Pai,island,true,Sai Kung,250,Wikipedia raw: List_of_islands_and_peninsulas_of_Hong_Kong,22.275886282,114.360289252,map.gov.hk locationSearch + geodetic transform,
I169,和尚洲,Wo Sheung Chau,island,true,Sai Kung,250,Wikipedia raw: List_of_islands_and_peninsulas_of_Hong_Kong,22.435700946,114.4019191,map.gov.hk locationSearch + geodetic transform,
I170,黃茅洲,Wong Mau Chau,island,true,Sai Kung,250,Wikipedia raw: List_of_islands_and_peninsulas_of_Hong_Kong,22.448353028,114.394993383,map.gov.hk locationSearch + geodetic transform,
I171,黃泥洲仔,Wong Nai Chau Tsai,island,true,Sai Kung,250,Wikipedia raw: List_of_islands_and_peninsulas_of_Hong_Kong,22.384253102,114.314588057,map.gov.hk locationSearch + geodetic transform,
I172,黃泥洲,Wong Nai Chau,island,true,North,250,Wikipedia raw: List_of_islands_and_peninsulas_of_Hong_Kong,22.541998919,114.311633199,map.gov.hk locationSearch + geodetic transform,
I173,往灣洲,Wong Wan Chau,island,true,North,250,Wikipedia raw: List_of_islands_and_peninsulas_of_Hong_Kong,22.513013389,114.309369614,map.gov.hk locationSearch + geodetic transform,
I174,往灣排,Wong Wan Pai,island,true,Sai Kung,250,Wikipedia raw: List_of_islands_and_peninsulas_of_Hong_Kong,22.327289326,114.313590532,map.gov.hk locationSearch + geodetic transform,
I175,黃宜洲,Wong Yi Chau,island,true,Sai Kung,250,Wikipedia raw: List_of_islands_and_peninsulas_of_Hong_Kong,22.388819177,114.318476856,map.gov.hk locationSearch + geodetic transform,
I176,烏洲,Wu Chau,island,true,North,250,Wikipedia raw: List_of_islands_and_peninsulas_of_Hong_Kong,22.501323033,114.304450582,map.gov.hk locationSearch + geodetic transform,
I177,烏排,Wu Pai,island,true,North,250,Wikipedia raw: List_of_islands_and_peninsulas_of_Hong_Kong,22.526062921,114.284235567,map.gov.hk locationSearch + geodetic transform,
I178,湖洋洲排,Wu Yeung Chau Pai,island,true,North,250,Wikipedia raw: List_of_islands_and_peninsulas_of_Hong_Kong,22.518491511,114.290032438,map.gov.hk locationSearch + geodetic transform,
I179,烏蠅排,Wu Ying Pai,island,true,Islands,250,Wikipedia raw: List_of_islands_and_peninsulas_of_Hong_Kong,22.303092521,114.035542851,map.gov.hk locationSearch + geodetic transform,
I180,印洲,Yan Chau,island,true,North,250,Wikipedia raw: List_of_islands_and_peninsulas_of_Hong_Kong,22.526304321,114.287803122,map.gov.hk locationSearch + geodetic transform,
I181,游龍角,Yau Lung Kok,island,true,Sai Kung,250,Wikipedia raw: List_of_islands_and_peninsulas_of_Hong_Kong,22.373774666,114.295643793,map.gov.hk locationSearch + geodetic transform,
I182,洋洲,Yeung Chau,island,true,North,250,Wikipedia raw: List_of_islands_and_peninsulas_of_Hong_Kong,22.539835326,114.307159305,map.gov.hk locationSearch + geodetic transform,
I183,羊洲,Yeung Chau,island,true,Sai Kung,250,Wikipedia raw: List_of_islands_and_peninsulas_of_Hong_Kong,22.380467034,114.281472603,map.gov.hk locationSearch + geodetic transform,
I184,二浪排,Yi Long Pai,island,true,Islands,250,Wikipedia raw: List_of_islands_and_peninsulas_of_Hong_Kong,22.212460423,113.990157186,map.gov.hk locationSearch + geodetic transform,
I185,二排,Yi Pai,island,true,Sai Kung,250,Wikipedia raw: List_of_islands_and_peninsulas_of_Hong_Kong,22.312067541,114.371730657,map.gov.hk locationSearch + geodetic transform,
I186,鹽田仔,Yim Tin Tsai,island,true,Tai Po,250,Wikipedia raw: List_of_islands_and_peninsulas_of_Hong_Kong,22.450789507,114.215695889,map.gov.hk locationSearch + geodetic transform,
I187,圓崗洲,Yuen Kong Chau,island,true,Sai Kung,250,Wikipedia raw: List_of_islands_and_peninsulas_of_Hong_Kong,22.325745501,114.366935291,map.gov.hk locationSearch + geodetic transform,
I188,Channel Rock,Channel Rock,island,true,Kowloon City – now a part of the Kai Tak former airport runway,250,Wikipedia raw: List_of_islands_and_peninsulas_of_Hong_Kong,22.216967506,114.016279989,map.gov.hk locationSearch + geodetic transform,
I189,Chau Tsai,Chau Tsai,island,true,"absorbed by reclaimed land of Tsing Yi Island, near CRC Oil Depot of Nam Wan Kok",250,Wikipedia raw: List_of_islands_and_peninsulas_of_Hong_Kong,22.353406249,114.350672579,map.gov.hk locationSearch + geodetic transform,
I190,佛堂洲,Fat Tong Chau,island,true,"now a part of Tseung Kwan O, Sai Kung as a result of land reclamation",250,Wikipedia raw: List_of_islands_and_peninsulas_of_Hong_Kong,22.278022378,114.269636062,map.gov.hk locationSearch + geodetic transform,
I191,Hoi Sham Island,Hoi Sham Island,island,true,Kowloon City (also To Kwa Wan Island) – now part of Hoi Sham Park in To Kwa Wan as a result of reclamation,250,Wikipedia raw: List_of_islands_and_peninsulas_of_Hong_Kong,22.315028603,114.19174344,map.gov.hk locationSearch + geodetic transform,
I192,Kellett Island,Kellett Island,island,true,"now part of Causeway Bay as a result of gradual land reclamation, Eastern",250,Wikipedia raw: List_of_islands_and_peninsulas_of_Hong_Kong,22.284456545,114.182711018,map.gov.hk locationSearch + geodetic transform,
I193,勒加洲,La Ka Chau,island,true,,250,Wikipedia raw: List_of_islands_and_peninsulas_of_Hong_Kong,22.485774766,114.051858483,map.gov.hk locationSearch + geodetic transform,
I194,Lam Chau,Lam Chau,island,true,Islands – now assimilated with Chek Lap Kok into the airport platform and connected to Lantau by two bridges,250,Wikipedia raw: List_of_islands_and_peninsulas_of_Hong_Kong,22.212598846,113.902899165,map.gov.hk locationSearch + geodetic transform,
I195,糧船灣洲,Leung Shuen Wan,island,true,connected to the mainland to form the High Island Reservoir,250,Wikipedia raw: List_of_islands_and_peninsulas_of_Hong_Kong,22.35323925,114.354769265,map.gov.hk locationSearch + geodetic transform,
I196,Mong Chau,Mong Chau,island,true,"an island off the hill of Lai King, buried under the Terminal 2 of the Container Terminal",250,Wikipedia raw: List_of_islands_and_peninsulas_of_Hong_Kong,22.371278019,114.301263502,map.gov.hk locationSearch + geodetic transform,
I197,Mouse Island,Mouse Island,island,true,"an island in Sam Shing, Tuen Mun and now a part of Mouse Island Children's Playground",250,Wikipedia raw: List_of_islands_and_peninsulas_of_Hong_Kong,22.382949509,113.975675792,map.gov.hk locationSearch + geodetic transform,
I198,Nga Ying Chau,Nga Ying Chau,island,true,"now at the northeast corner of Tsing Yi Island as a result of land reclamation, which name was preserved in the street name nearby ""Nga Ying Chau Street""",250,Wikipedia raw: List_of_islands_and_peninsulas_of_Hong_Kong,22.388848476,114.315932667,map.gov.hk locationSearch + geodetic transform,
I199,Rumsey Rock,Rumsey Rock,island,true,now a part of shore between Tsim Sha Tsui East and Hung Hom,250,Wikipedia raw: List_of_islands_and_peninsulas_of_Hong_Kong,22.223611623,114.023081361,map.gov.hk locationSearch + geodetic transform,
I200,Stonecutters Island,Stonecutters Island,island,true,"a former island, now part of the Kowloon Peninsula, following land reclamation",250,Wikipedia raw: List_of_islands_and_peninsulas_of_Hong_Kong,22.321688575,114.135400083,map.gov.hk locationSearch + geodetic transform,
I201,Tsing Chau,Tsing Chau,island,true,"absorbed into reclaimed land of Gin Drinkers Bay or Lap Sap Wan. It is at Kwai Chung, next to Tsing Yi Bridge",250,Wikipedia raw: List_of_islands_and_peninsulas_of_Hong_Kong,22.532630486,114.280420374,map.gov.hk locationSearch + geodetic transform,
I202,東頭洲,Tung Tau Chau,island,true,connected to the mainland to form the Plover Cove Reservoir,250,Wikipedia raw: List_of_islands_and_peninsulas_of_Hong_Kong,22.45635355,114.258127277,map.gov.hk locationSearch + geodetic transform,
I203,元洲仔,Yuen Chau Tsai,island,true,,250,Wikipedia raw: List_of_islands_and_peninsulas_of_Hong_Kong,22.445840704,114.178402157,map.gov.hk locationSearch + geodetic transform,
I204,Un Chau,Un Chau,island,true,,250,Wikipedia raw: List_of_islands_and_peninsulas_of_Hong_Kong,22.331103276,114.164575876,map.gov.hk locationSearch + geodetic transform,
I205,Careening Island,Careening Island,island,true,,250,Wikipedia raw: List_of_islands_and_peninsulas_of_Hong_Kong,22.314648029,114.366007934,map.gov.hk locationSearch + geodetic transform,
I206,Hong Kong Convention and Exhibition Centre,Hong Kong Convention and Exhibition Centre,island,true,,250,Wikipedia raw: List_of_islands_and_peninsulas_of_Hong_Kong,22.283178259,114.17307059,map.gov.hk locationSearch + geodetic transform,
