id,name,type,is_island,district,radius_meters,source,lat,lon,geo_display,lat,lon,geo_display
P001,中環九號碼頭,pier,false,,50,TLB-1-c1.pdf,,,,,,
P002,中環十號碼頭,pier,false,,50,TLB-1-c1.pdf,,,,,,
P003,糖水道碼頭,pier,false,,50,TLB-1-c1.pdf,,,,,,
P004,長洲公眾碼頭,pier,false,離島,50,TLB-1-c1.pdf,,,,,,
P005,芝麻灣碼頭,pier,false,離島,50,TLB-1-c1.pdf,,,,,,
P006,蘆荻灣碼頭,pier,false,離島,50,TLB-1-c1.pdf,,,,,,
P007,鹿洲村碼頭,pier,false,離島,50,TLB-1-c1.pdf,,,,,,
P008,坪洲公眾碼頭,pier,false,離島,50,TLB-1-c1.pdf,,,,,,
P009,蒲台公眾碼頭,pier,false,離島,50,TLB-1-c1.pdf,,,,,,
P010,西灣碼頭,pier,false,離島,50,TLB-1-c1.pdf,,,,,,
P011,沙螺灣碼頭,pier,false,離島,50,TLB-1-c1.pdf,,,,,,
P012,索罟灣二號碼頭,pier,false,離島,50,TLB-1-c1.pdf,,,,,,
P013,索罟灣公眾碼頭,pier,false,離島,50,TLB-1-c1.pdf,,,,,,
P014,大利島碼頭,pier,false,離島,50,TLB-1-c1.pdf,,,,,,
P015,大澳公眾碼頭,pier,false,離島,50,TLB-1-c1.pdf,,,,,,
P016,大水坑碼頭,pier,false,離島,50,TLB-1-c1.pdf,,,,,,
P017,東涌發展碼頭(公眾),pier,false,離島,50,TLB-1-c1.pdf,,,,,,
P018,東涌公眾碼頭,pier,false,離島,50,TLB-1-c1.pdf,,,,,,
P019,榕樹灣發展碼頭,pier,false,離島,50,TLB-1-c1.pdf,,,,,,
P020,榕樹灣公眾碼頭,pier,false,離島,50,TLB-1-c1.pdf,,,,,,
P021,青衣公眾碼頭,pier,false,葵青,50,TLB-1-c1.pdf,,,,,,
P022,觀塘公眾碼頭,pier,false,觀塘,50,TLB-1-c1.pdf,,,,,,
P023,鴨洲公眾碼頭,pier,false,,50,TLB-1-c1.pdf,,,,,,
P024,吉澳洲碼頭,pier,false,,50,TLB-1-c1.pdf,,,,,,
P025,沙頭角公眾碼頭,pier,false,,50,TLB-1-c1.pdf,,,,,,
P026,大廟灣公眾碼頭,pier,false,西貢,50,TLB-1-c1.pdf,,,,,,
P027,北丫碼頭,pier,false,西貢,50,TLB-1-c1.pdf,,,,,,
P028,白沙灣第二碼頭,pier,false,西貢,50,TLB-1-c1.pdf,,,,,,
P029,布袋澳二號碼頭,pier,false,西貢,50,TLB-1-c1.pdf,,,,,,
P030,西貢新公眾碼頭,pier,false,西貢,50,TLB-1-c1.pdf,,,,,,
P031,西貢公眾碼頭,pier,false,西貢,50,TLB-1-c1.pdf,,,,,,
P032,大頭洲碼頭,pier,false,西貢,50,TLB-1-c1.pdf,,,,,,
P033,調景嶺碼頭,pier,false,西貢,50,TLB-1-c1.pdf,,,,,,
P034,早禾坑碼頭,pier,false,西貢,50,TLB-1-c1.pdf,,,,,,
P035,東龍洲北碼頭,pier,false,西貢,50,TLB-1-c1.pdf,,,,,,
P036,東龍洲公眾碼頭,pier,false,西貢,50,TLB-1-c1.pdf,,,,,,
P037,鹽田仔碼頭,pier,false,西貢,50,TLB-1-c1.pdf,,,,,,
P038,馬料水渡輪碼頭,pier,false,沙田,50,TLB-1-c1.pdf,,,,,,
P039,烏溪沙碼頭,pier,false,沙田,50,TLB-1-c1.pdf,,,,,,
P040,赤柱卜公碼頭,pier,false,,50,TLB-1-c1.pdf,,,,,,
P041,聖士提反灣 (南 )碼頭,pier,false,,50,TLB-1-c1.pdf,,,,,,
P042,大潭灣碼頭,pier,false,,50,TLB-1-c1.pdf,,,,,,
P043,高流灣公眾碼頭,pier,false,大埔,50,TLB-1-c1.pdf,,,,,,
P044,荔枝莊碼頭,pier,false,大埔,50,TLB-1-c1.pdf,,,,,,
P045,三門仔村碼頭,pier,false,大埔,50,TLB-1-c1.pdf,,,,,,
P046,大美督一號碼頭,pier,false,大埔,50,TLB-1-c1.pdf,,,,,,
P047,大埔鐵路碼頭,pier,false,大埔,50,TLB-1-c1.pdf,,,,,,
P048,塔門碼頭,pier,false,大埔,50,TLB-1-c1.pdf,,,,,,
P049,東平洲公眾碼頭,pier,false,大埔,50,TLB-1-c1.pdf,,,,,,
P050,黃石公眾碼頭,pier,false,大埔,50,TLB-1-c1.pdf,,,,,,
P051,深井 釣魚灣碼頭,pier,false,荃灣,50,TLB-1-c1.pdf,,,,,,
P052,深井公眾碼頭,pier,false,荃灣,50,TLB-1-c1.pdf,,,,,,
P053,大排咀碼頭,pier,false,荃灣,50,TLB-1-c1.pdf,,,,,,
P054,荃灣渡輪碼頭 (西鐵 ),pier,false,荃灣,50,TLB-1-c1.pdf,,,,,,
P055,油柑頭碼頭,pier,false,荃灣,50,TLB-1-c1.pdf,,,,,,
P056,嘉道理碼頭,pier,false,屯門,50,TLB-1-c1.pdf,,,,,,
P057,九龍公眾碼頭,pier,false,油尖旺,50,TLB-1-c1.pdf,,,,,,
I001,"A Chau (, Centre Island)",island,true,Tai Po,250,Wikipedia raw: List_of_islands_and_peninsulas_of_Hong_Kong,,,,,,
I002,A Chau,island,true,North,250,Wikipedia raw: List_of_islands_and_peninsulas_of_Hong_Kong,,,,,,
I003,Adamasta Rock,island,true,Islands,250,Wikipedia raw: List_of_islands_and_peninsulas_of_Hong_Kong,,,,,,
I004,Ap Chau Mei Pak Tun Pai,island,true,North,250,Wikipedia raw: List_of_islands_and_peninsulas_of_Hong_Kong,,,,,,
I005,Ap Chau Pak Tun Pai,island,true,North,250,Wikipedia raw: List_of_islands_and_peninsulas_of_Hong_Kong,,,,,,
I006,"Ap Chau (, Robinson Island)",island,true,North,250,Wikipedia raw: List_of_islands_and_peninsulas_of_Hong_Kong,,,,,,
I007,"Ap Lei Chau (, Aberdeen Island)",island,true,Southern,250,Wikipedia raw: List_of_islands_and_peninsulas_of_Hong_Kong,,,,,,
I008,Ap Lei Pai,island,true,Southern,250,Wikipedia raw: List_of_islands_and_peninsulas_of_Hong_Kong,,,,,,
I009,Ap Lo Chun,island,true,North,250,Wikipedia raw: List_of_islands_and_peninsulas_of_Hong_Kong,,,,,,
I010,Ap Tan Pai,island,true,North,250,Wikipedia raw: List_of_islands_and_peninsulas_of_Hong_Kong,,,,,,
I011,Ap Tau Pai,island,true,North,250,Wikipedia raw: List_of_islands_and_peninsulas_of_Hong_Kong,,,,,,
I012,"Bay Islet (, See Chau)",island,true,Sai Kung,250,Wikipedia raw: List_of_islands_and_peninsulas_of_Hong_Kong,,,,,,
I013,Breaker Reef,island,true,Tai Po,250,Wikipedia raw: List_of_islands_and_peninsulas_of_Hong_Kong,,,,,,
I014,Bun Bei Chau,island,true,Sai Kung,250,Wikipedia raw: List_of_islands_and_peninsulas_of_Hong_Kong,,,,,,
I015,Bun Sha Pai,island,true,Tai Po,250,Wikipedia raw: List_of_islands_and_peninsulas_of_Hong_Kong,,,,,,
I016,Cha Kwo Chau,island,true,Islands,250,Wikipedia raw: List_of_islands_and_peninsulas_of_Hong_Kong,,,,,,
I017,Cha Yue Pai,island,true,Sai Kung,250,Wikipedia raw: List_of_islands_and_peninsulas_of_Hong_Kong,,,,,,
I018,Cham Pai,island,true,Tai Po,250,Wikipedia raw: List_of_islands_and_peninsulas_of_Hong_Kong,,,,,,
I019,Cham Tau Chau,island,true,Sai Kung,250,Wikipedia raw: List_of_islands_and_peninsulas_of_Hong_Kong,,,,,,
I020,Chap Mo Chau,island,true,North,250,Wikipedia raw: List_of_islands_and_peninsulas_of_Hong_Kong,,,,,,
I021,Chau Tsai Kok,island,true,Tai Po,250,Wikipedia raw: List_of_islands_and_peninsulas_of_Hong_Kong,,,,,,
I022,Chau Tsai,island,true,Sai Kung,250,Wikipedia raw: List_of_islands_and_peninsulas_of_Hong_Kong,,,,,,
I023,Che Lei Pai,island,true,Tai Po,250,Wikipedia raw: List_of_islands_and_peninsulas_of_Hong_Kong,,,,,,
I024,"Chek Chau (, Port Island)",island,true,Tai Po,250,Wikipedia raw: List_of_islands_and_peninsulas_of_Hong_Kong,,,,,,
I025,Chek Lap Kok,island,true,Islands – now assimilated with Lam Chau into the airport platform and connected to Lantau Island by two bridges,250,Wikipedia raw: List_of_islands_and_peninsulas_of_Hong_Kong,,,,,,
I026,Cheung Chau,island,true,Islands,250,Wikipedia raw: List_of_islands_and_peninsulas_of_Hong_Kong,,,,,,
I027,Cheung Shek Tsui,island,true,North,250,Wikipedia raw: List_of_islands_and_peninsulas_of_Hong_Kong,,,,,,
I028,Cheung Sok,island,true,Tsuen Wan,250,Wikipedia raw: List_of_islands_and_peninsulas_of_Hong_Kong,,,,,,
I029,Cheung Tsui Chau,island,true,Sai Kung,250,Wikipedia raw: List_of_islands_and_peninsulas_of_Hong_Kong,,,,,,
I030,"Ching Chau (, distinct from Steep Island)",island,true,Sai Kung,250,Wikipedia raw: List_of_islands_and_peninsulas_of_Hong_Kong,,,,,,
I031,Conic Island,island,true,Sai Kung,250,Wikipedia raw: List_of_islands_and_peninsulas_of_Hong_Kong,,,,,,
I032,Douglas Rock,island,true,Islands,250,Wikipedia raw: List_of_islands_and_peninsulas_of_Hong_Kong,,,,,,
I033,"Flat Island (, Ngan Chau)",island,true,Tai Po,250,Wikipedia raw: List_of_islands_and_peninsulas_of_Hong_Kong,,,,,,
I034,"Fo Shek Chau (, Basalt Island)",island,true,Sai Kung,250,Wikipedia raw: List_of_islands_and_peninsulas_of_Hong_Kong,,,,,,
I035,Fo Siu Pai,island,true,Sai Kung,250,Wikipedia raw: List_of_islands_and_peninsulas_of_Hong_Kong,,,,,,
I036,Fu Wong Chau,island,true,North,250,Wikipedia raw: List_of_islands_and_peninsulas_of_Hong_Kong,,,,,,
I037,Fun Chau,island,true,North,250,Wikipedia raw: List_of_islands_and_peninsulas_of_Hong_Kong,,,,,,
I038,Green Island,island,true,Central & Western,250,Wikipedia raw: List_of_islands_and_peninsulas_of_Hong_Kong,,,,,,
I039,Ha So Pai,island,true,Islands,250,Wikipedia raw: List_of_islands_and_peninsulas_of_Hong_Kong,,,,,,
I040,Hau Tsz Kok Pai,island,true,Tai Po,250,Wikipedia raw: List_of_islands_and_peninsulas_of_Hong_Kong,,,,,,
I041,Hei Ling Chau,island,true,Islands,250,Wikipedia raw: List_of_islands_and_peninsulas_of_Hong_Kong,,,,,,
I042,Hin Pai,island,true,Tai Po,250,Wikipedia raw: List_of_islands_and_peninsulas_of_Hong_Kong,,,,,,
I043,Hok Tsai Pai,island,true,Sai Kung,250,Wikipedia raw: List_of_islands_and_peninsulas_of_Hong_Kong,,,,,,
I044,Hong Kong Island,island,true,,250,Wikipedia raw: List_of_islands_and_peninsulas_of_Hong_Kong,,,,,,
I045,Hung Pai,island,true,North,250,Wikipedia raw: List_of_islands_and_peninsulas_of_Hong_Kong,,,,,,
I046,Kai Chau,island,true,Sai Kung,250,Wikipedia raw: List_of_islands_and_peninsulas_of_Hong_Kong,,,,,,
I047,"Kat O (, Crooked Island)",island,true,North,250,Wikipedia raw: List_of_islands_and_peninsulas_of_Hong_Kong,,,,,,
I048,Kau Pei Chau,island,true,Southern,250,Wikipedia raw: List_of_islands_and_peninsulas_of_Hong_Kong,,,,,,
I049,Kau Sai Chau,island,true,Sai Kung,250,Wikipedia raw: List_of_islands_and_peninsulas_of_Hong_Kong,,,,,,
I050,Kau Yi Chau,island,true,Islands,250,Wikipedia raw: List_of_islands_and_peninsulas_of_Hong_Kong,,,,,,
I051,Kiu Tau,island,true,Sai Kung,250,Wikipedia raw: List_of_islands_and_peninsulas_of_Hong_Kong,,,,,,
I052,"Kiu Tsui Chau (, Sharp Island)",island,true,Sai Kung,250,Wikipedia raw: List_of_islands_and_peninsulas_of_Hong_Kong,,,,,,
I053,Ko Pai,island,true,North,250,Wikipedia raw: List_of_islands_and_peninsulas_of_Hong_Kong,,,,,,
I054,Kok Tai Pai,island,true,North,250,Wikipedia raw: List_of_islands_and_peninsulas_of_Hong_Kong,,,,,,
I055,Kong Tau Pai,island,true,Sai Kung,250,Wikipedia raw: List_of_islands_and_peninsulas_of_Hong_Kong,,,,,,
I056,Kowloon Rock,island,true,Kowloon City,250,Wikipedia raw: List_of_islands_and_peninsulas_of_Hong_Kong,,,,,,
I057,Kung Chau,island,true,Tai Po,250,Wikipedia raw: List_of_islands_and_peninsulas_of_Hong_Kong,,,,,,
I058,Kwun Cham Wan,island,true,Sai Kung,250,Wikipedia raw: List_of_islands_and_peninsulas_of_Hong_Kong,,,,,,
I059,Kwun Tsai,island,true,Sai Kung,250,Wikipedia raw: List_of_islands_and_peninsulas_of_Hong_Kong,,,,,,
I060,Lak Lei Tsai,island,true,Sai Kung,250,Wikipedia raw: List_of_islands_and_peninsulas_of_Hong_Kong,,,,,,
I061,Lamma Island,island,true,Islands,250,Wikipedia raw: List_of_islands_and_peninsulas_of_Hong_Kong,,,,,,
I062,Lan Shuen Pei,island,true,North,250,Wikipedia raw: List_of_islands_and_peninsulas_of_Hong_Kong,,,,,,
I063,Lan Tau Pai,island,true,Sai Kung,250,Wikipedia raw: List_of_islands_and_peninsulas_of_Hong_Kong,,,,,,
I064,Lantau Island,island,true,Islands,250,Wikipedia raw: List_of_islands_and_peninsulas_of_Hong_Kong,,,,,,
I065,Lap Sap Chau,island,true,Sai Kung,250,Wikipedia raw: List_of_islands_and_peninsulas_of_Hong_Kong,,,,,,
I066,Little Green Island,island,true,Central & Western,250,Wikipedia raw: List_of_islands_and_peninsulas_of_Hong_Kong,,,,,,
I067,Lo Chau,island,true,Southern,250,Wikipedia raw: List_of_islands_and_peninsulas_of_Hong_Kong,,,,,,
I068,Lo Chi Pai,island,true,North,250,Wikipedia raw: List_of_islands_and_peninsulas_of_Hong_Kong,,,,,,
I069,Lo Fu Tiu Pai,island,true,Sai Kung,250,Wikipedia raw: List_of_islands_and_peninsulas_of_Hong_Kong,,,,,,
I070,Lo Shue Pai,island,true,Eastern,250,Wikipedia raw: List_of_islands_and_peninsulas_of_Hong_Kong,,,,,,
I071,Loaf Rock,island,true,Islands,250,Wikipedia raw: List_of_islands_and_peninsulas_of_Hong_Kong,,,,,,
I072,"Luk Chau , formerly George I.",island,true,Islands,250,Wikipedia raw: List_of_islands_and_peninsulas_of_Hong_Kong,,,,,,
I073,Lung Kwu Chau,island,true,Tuen Mun,250,Wikipedia raw: List_of_islands_and_peninsulas_of_Hong_Kong,,,,,,
I074,Lung Shan Pai,island,true,Southern,250,Wikipedia raw: List_of_islands_and_peninsulas_of_Hong_Kong,,,,,,
I075,Lung Shuen Pai,island,true,Sai Kung,250,Wikipedia raw: List_of_islands_and_peninsulas_of_Hong_Kong,,,,,,
I076,Lut Chau,island,true,Yuen Long,250,Wikipedia raw: List_of_islands_and_peninsulas_of_Hong_Kong,,,,,,
I077,Ma Shi Chau,island,true,Tai Po,250,Wikipedia raw: List_of_islands_and_peninsulas_of_Hong_Kong,,,,,,
I078,Ma Tsai Pai,island,true,Sai Kung,250,Wikipedia raw: List_of_islands_and_peninsulas_of_Hong_Kong,,,,,,
I079,Ma Wan,island,true,Tsuen Wan,250,Wikipedia raw: List_of_islands_and_peninsulas_of_Hong_Kong,,,,,,
I080,Ma Yan Pai,island,true,Tai Po,250,Wikipedia raw: List_of_islands_and_peninsulas_of_Hong_Kong,,,,,,
I081,"Magazine Island (, Fo Yeuk Chau)",island,true,Southern,250,Wikipedia raw: List_of_islands_and_peninsulas_of_Hong_Kong,,,,,,
I082,Mei Pai,island,true,Islands,250,Wikipedia raw: List_of_islands_and_peninsulas_of_Hong_Kong,,,,,,
I083,Middle Island,island,true,Southern,250,Wikipedia raw: List_of_islands_and_peninsulas_of_Hong_Kong,,,,,,
I084,Mong Chau Tsai,island,true,Sai Kung,250,Wikipedia raw: List_of_islands_and_peninsulas_of_Hong_Kong,,,,,,
I085,"Moon Island (, Mo Chau)",island,true,Tai Po,250,Wikipedia raw: List_of_islands_and_peninsulas_of_Hong_Kong,,,,,,
I086,Muk Yue Chau,island,true,Sai Kung,250,Wikipedia raw: List_of_islands_and_peninsulas_of_Hong_Kong,,,,,,
I087,Nam Fung Chau,island,true,Sai Kung,250,Wikipedia raw: List_of_islands_and_peninsulas_of_Hong_Kong,,,,,,
I088,Ng Fan Chau,island,true,Southern,250,Wikipedia raw: List_of_islands_and_peninsulas_of_Hong_Kong,,,,,,
I089,Nga Ying Chau,island,true,Sai Kung Southeast to Ching Chau (),250,Wikipedia raw: List_of_islands_and_peninsulas_of_Hong_Kong,,,,,,
I090,Nga Ying Pai,island,true,Sai Kung,250,Wikipedia raw: List_of_islands_and_peninsulas_of_Hong_Kong,,,,,,
I091,Ngam Hau Shek,island,true,Tsuen Wan,250,Wikipedia raw: List_of_islands_and_peninsulas_of_Hong_Kong,,,,,,
I092,Ngan Chau,island,true,Islands,250,Wikipedia raw: List_of_islands_and_peninsulas_of_Hong_Kong,,,,,,
I093,Ngau Shi Pui,island,true,Sai Kung,250,Wikipedia raw: List_of_islands_and_peninsulas_of_Hong_Kong,,,,,,
I094,Ngau Tau Pai,island,true,Sai Kung,250,Wikipedia raw: List_of_islands_and_peninsulas_of_Hong_Kong,,,,,,
I095,"Ngo Mei Chau (, Crescent Island)",island,true,North,250,Wikipedia raw: List_of_islands_and_peninsulas_of_Hong_Kong,,,,,,
I096,Ninepin Group,island,true,Sai Kung,250,Wikipedia raw: List_of_islands_and_peninsulas_of_Hong_Kong,,,,,,
I097,North Ninepin Island,island,true,,250,Wikipedia raw: List_of_islands_and_peninsulas_of_Hong_Kong,,,,,,
I098,Sai Chau Mei,island,true,,250,Wikipedia raw: List_of_islands_and_peninsulas_of_Hong_Kong,,,,,,
I099,Shue Long Chau,island,true,,250,Wikipedia raw: List_of_islands_and_peninsulas_of_Hong_Kong,,,,,,
I100,Tai Chau,island,true,,250,Wikipedia raw: List_of_islands_and_peninsulas_of_Hong_Kong,,,,,,
I101,Tai Chau Mei,island,true,,250,Wikipedia raw: List_of_islands_and_peninsulas_of_Hong_Kong,,,,,,
I102,Tuen Chau Chai,island,true,,250,Wikipedia raw: List_of_islands_and_peninsulas_of_Hong_Kong,,,,,,
I103,Pak Chau,island,true,Tuen Mun,250,Wikipedia raw: List_of_islands_and_peninsulas_of_Hong_Kong,,,,,,
I104,Pak Ka Chau,island,true,North,250,Wikipedia raw: List_of_islands_and_peninsulas_of_Hong_Kong,,,,,,
I105,Pak Ma Tsui Pai,island,true,Sai Kung,250,Wikipedia raw: List_of_islands_and_peninsulas_of_Hong_Kong,,,,,,
I106,Pak Pai,island,true,Sai Kung,250,Wikipedia raw: List_of_islands_and_peninsulas_of_Hong_Kong,,,,,,
I107,"Pak Sha Chau (, Round Island)",island,true,North,250,Wikipedia raw: List_of_islands_and_peninsulas_of_Hong_Kong,,,,,,
I108,"Pak Sha Chau (, White Sand Island)",island,true,Sai Kung,250,Wikipedia raw: List_of_islands_and_peninsulas_of_Hong_Kong,,,,,,
I109,Pat Ka Chau,island,true,North,250,Wikipedia raw: List_of_islands_and_peninsulas_of_Hong_Kong,,,,,,
I110,Peaked Hill,island,true,Islands,250,Wikipedia raw: List_of_islands_and_peninsulas_of_Hong_Kong,,,,,,
I111,Peng Chau,island,true,Islands,250,Wikipedia raw: List_of_islands_and_peninsulas_of_Hong_Kong,,,,,,
I112,Pearl Island,island,true,Tuen Mun,250,Wikipedia raw: List_of_islands_and_peninsulas_of_Hong_Kong,,,,,,
I113,Pin Chau,island,true,Sai Kung,250,Wikipedia raw: List_of_islands_and_peninsulas_of_Hong_Kong,,,,,,
I114,Ping Chau,island,true,Tai Po,250,Wikipedia raw: List_of_islands_and_peninsulas_of_Hong_Kong,,,,,,
I115,Ping Min Chau,island,true,Sai Kung,250,Wikipedia raw: List_of_islands_and_peninsulas_of_Hong_Kong,,,,,,
I116,Po Pin Chau,island,true,Sai Kung,250,Wikipedia raw: List_of_islands_and_peninsulas_of_Hong_Kong,,,,,,
I117,Po Toi Islands,island,true,Islands,250,Wikipedia raw: List_of_islands_and_peninsulas_of_Hong_Kong,,,,,,
I118,Castle Rock,island,true,,250,Wikipedia raw: List_of_islands_and_peninsulas_of_Hong_Kong,,,,,,
I119,"Beaufort Island (, Lo Chau)",island,true,,250,Wikipedia raw: List_of_islands_and_peninsulas_of_Hong_Kong,,,,,,
I120,"Mat Chau , an islet off Po Toi Island",island,true,,250,Wikipedia raw: List_of_islands_and_peninsulas_of_Hong_Kong,,,,,,
I121,"Mat Chau Pai , an islet off Mat Chau",island,true,,250,Wikipedia raw: List_of_islands_and_peninsulas_of_Hong_Kong,,,,,,
I122,Po Toi Island,island,true,,250,Wikipedia raw: List_of_islands_and_peninsulas_of_Hong_Kong,,,,,,
I123,Sai Pai,island,true,,250,Wikipedia raw: List_of_islands_and_peninsulas_of_Hong_Kong,,,,,,
I124,San Pai,island,true,,250,Wikipedia raw: List_of_islands_and_peninsulas_of_Hong_Kong,,,,,,
I125,Sung Kong,island,true,,250,Wikipedia raw: List_of_islands_and_peninsulas_of_Hong_Kong,,,,,,
I126,Tai Pai,island,true,,250,Wikipedia raw: List_of_islands_and_peninsulas_of_Hong_Kong,,,,,,
I127,Waglan Island,island,true,,250,Wikipedia raw: List_of_islands_and_peninsulas_of_Hong_Kong,,,,,,
I128,Po Yue Pai,island,true,Sai Kung,250,Wikipedia raw: List_of_islands_and_peninsulas_of_Hong_Kong,,,,,,
I129,Pun Shan Shek,island,true,Tsuen Wan,250,Wikipedia raw: List_of_islands_and_peninsulas_of_Hong_Kong,,,,,,
I130,Pyramid Rock,island,true,Sai Kung,250,Wikipedia raw: List_of_islands_and_peninsulas_of_Hong_Kong,,,,,,
I131,Round Island,island,true,Southern,250,Wikipedia raw: List_of_islands_and_peninsulas_of_Hong_Kong,,,,,,
I132,Sai Ap Chau,island,true,North,250,Wikipedia raw: List_of_islands_and_peninsulas_of_Hong_Kong,,,,,,
I133,Sam Pai,island,true,Sai Kung,250,Wikipedia raw: List_of_islands_and_peninsulas_of_Hong_Kong,,,,,,
I134,Sam Pui Chau,island,true,Tai Po,250,Wikipedia raw: List_of_islands_and_peninsulas_of_Hong_Kong,,,,,,
I135,Sha Chau,island,true,Tuen Mun,250,Wikipedia raw: List_of_islands_and_peninsulas_of_Hong_Kong,,,,,,
I136,Sha Pai,island,true,North,250,Wikipedia raw: List_of_islands_and_peninsulas_of_Hong_Kong,,,,,,
I137,"Sha Tong Hau (, Bluff Island)",island,true,Sai Kung,250,Wikipedia raw: List_of_islands_and_peninsulas_of_Hong_Kong,,,,,,
I138,Sham Shui Pai,island,true,Islands,250,Wikipedia raw: List_of_islands_and_peninsulas_of_Hong_Kong,,,,,,
I139,Shau Kei Pai,island,true,North,250,Wikipedia raw: List_of_islands_and_peninsulas_of_Hong_Kong,,,,,,
I140,Shek Chau,island,true,Sai Kung,250,Wikipedia raw: List_of_islands_and_peninsulas_of_Hong_Kong,,,,,,
I141,Shek Kwu Chau,island,true,Islands,250,Wikipedia raw: List_of_islands_and_peninsulas_of_Hong_Kong,,,,,,
I142,Shek Ngau Chau,island,true,Tai Po,250,Wikipedia raw: List_of_islands_and_peninsulas_of_Hong_Kong,,,,,,
I143,Shelter Island,island,true,Sai Kung,250,Wikipedia raw: List_of_islands_and_peninsulas_of_Hong_Kong,,,,,,
I144,Sheung Pai,island,true,North,250,Wikipedia raw: List_of_islands_and_peninsulas_of_Hong_Kong,,,,,,
I145,Shui Cham Tsui Pai,island,true,North,250,Wikipedia raw: List_of_islands_and_peninsulas_of_Hong_Kong,,,,,,
I146,Shui Pai,island,true,Islands,250,Wikipedia raw: List_of_islands_and_peninsulas_of_Hong_Kong,,,,,,
I147,Siu Kau Yi Chau,island,true,Islands,250,Wikipedia raw: List_of_islands_and_peninsulas_of_Hong_Kong,,,,,,
I148,Siu Nim Chau,island,true,North,250,Wikipedia raw: List_of_islands_and_peninsulas_of_Hong_Kong,,,,,,
I149,Siu Tsan Chau,island,true,Sai Kung,250,Wikipedia raw: List_of_islands_and_peninsulas_of_Hong_Kong,,,,,,
I150,Soko Islands,island,true,Islands,250,Wikipedia raw: List_of_islands_and_peninsulas_of_Hong_Kong,,,,,,
I151,Cheung Muk Tau,island,true,,250,Wikipedia raw: List_of_islands_and_peninsulas_of_Hong_Kong,,,,,,
I152,Ma Chau,island,true,,250,Wikipedia raw: List_of_islands_and_peninsulas_of_Hong_Kong,,,,,,
I153,Siu A Chau,island,true,,250,Wikipedia raw: List_of_islands_and_peninsulas_of_Hong_Kong,,,,,,
I154,Tai A Chau,island,true,,250,Wikipedia raw: List_of_islands_and_peninsulas_of_Hong_Kong,,,,,,
I155,Tau Lo Chau,island,true,,250,Wikipedia raw: List_of_islands_and_peninsulas_of_Hong_Kong,,,,,,
I156,Wan Hau Chau,island,true,,250,Wikipedia raw: List_of_islands_and_peninsulas_of_Hong_Kong,,,,,,
I157,Wu Yeung Chau Pai,island,true,,250,Wikipedia raw: List_of_islands_and_peninsulas_of_Hong_Kong,,,,,,
I158,Yuen Chau,island,true,,250,Wikipedia raw: List_of_islands_and_peninsulas_of_Hong_Kong,,,,,,
I159,Yuen Kong Chau,island,true,,250,Wikipedia raw: List_of_islands_and_peninsulas_of_Hong_Kong,,,,,,
I160,"Steep Island (, Ching Chau)",island,true,Sai Kung,250,Wikipedia raw: List_of_islands_and_peninsulas_of_Hong_Kong,,,,,,
I161,Sunshine Island,island,true,Islands,250,Wikipedia raw: List_of_islands_and_peninsulas_of_Hong_Kong,,,,,,
I162,Ta Ho Pai,island,true,North,250,Wikipedia raw: List_of_islands_and_peninsulas_of_Hong_Kong,,,,,,
I163,Tai Lei,island,true,Islands,250,Wikipedia raw: List_of_islands_and_peninsulas_of_Hong_Kong,,,,,,
I164,Tai Nim Chau,island,true,North,250,Wikipedia raw: List_of_islands_and_peninsulas_of_Hong_Kong,,,,,,
I165,Tai O,island,true,Islands,250,Wikipedia raw: List_of_islands_and_peninsulas_of_Hong_Kong,,,,,,
I166,Tai Tau Chau (Sai Kung District),island,true,Sai Kung,250,Wikipedia raw: List_of_islands_and_peninsulas_of_Hong_Kong,,,,,,
I167,Tai Tau Chau (Southern District),island,true,Southern,250,Wikipedia raw: List_of_islands_and_peninsulas_of_Hong_Kong,,,,,,
I168,Tai Tsan Chau,island,true,Sai Kung,250,Wikipedia raw: List_of_islands_and_peninsulas_of_Hong_Kong,,,,,,
I169,Tang Chau,island,true,Tai Po,250,Wikipedia raw: List_of_islands_and_peninsulas_of_Hong_Kong,,,,,,
I170,Tang Lung Chau,island,true,Tsuen Wan,250,Wikipedia raw: List_of_islands_and_peninsulas_of_Hong_Kong,,,,,,
I171,"Tap Mun Chau (, Grass Island)",island,true,Tai Po,250,Wikipedia raw: List_of_islands_and_peninsulas_of_Hong_Kong,,,,,,
I172,Tau Chau,island,true,Southern,250,Wikipedia raw: List_of_islands_and_peninsulas_of_Hong_Kong,,,,,,
I173,The Brothers,island,true,Tuen Mun,250,Wikipedia raw: List_of_islands_and_peninsulas_of_Hong_Kong,,,,,,
I174,Siu Mo To,island,true,,250,Wikipedia raw: List_of_islands_and_peninsulas_of_Hong_Kong,,,,,,
I175,Tai Mo To,island,true,,250,Wikipedia raw: List_of_islands_and_peninsulas_of_Hong_Kong,,,,,,
I176,Tsz Kan Chau,island,true,,250,Wikipedia raw: List_of_islands_and_peninsulas_of_Hong_Kong,,,,,,
I177,Tit Cham Chau,island,true,Sai Kung,250,Wikipedia raw: List_of_islands_and_peninsulas_of_Hong_Kong,,,,,,
I178,Tit Shue Pai,island,true,Tai Po,250,Wikipedia raw: List_of_islands_and_peninsulas_of_Hong_Kong,,,,,,
I179,"Tiu Chung Chau (, Jin Island)",island,true,Sai Kung,250,Wikipedia raw: List_of_islands_and_peninsulas_of_Hong_Kong,,,,,,
I180,Tiu Chung Pai,island,true,Sai Kung,250,Wikipedia raw: List_of_islands_and_peninsulas_of_Hong_Kong,,,,,,
I181,Tong Hau Pai,island,true,Sai Kung,250,Wikipedia raw: List_of_islands_and_peninsulas_of_Hong_Kong,,,,,,
I182,Tong Yan Pai,island,true,Southern,250,Wikipedia raw: List_of_islands_and_peninsulas_of_Hong_Kong,,,,,,
I183,Town Island,island,true,Sai Kung,250,Wikipedia raw: List_of_islands_and_peninsulas_of_Hong_Kong,,,,,,
I184,Trio Island,island,true,Sai Kung,250,Wikipedia raw: List_of_islands_and_peninsulas_of_Hong_Kong,,,,,,
I185,Tsim Chau Group,island,true,Sai Kung,250,Wikipedia raw: List_of_islands_and_peninsulas_of_Hong_Kong,,,,,,
I186,Tsim Chau,island,true,,250,Wikipedia raw: List_of_islands_and_peninsulas_of_Hong_Kong,,,,,,
I187,"Tsing Chau (, Table Island)",island,true,North,250,Wikipedia raw: List_of_islands_and_peninsulas_of_Hong_Kong,,,,,,
I188,Tsing Yi Island,island,true,Kwai Tsing,250,Wikipedia raw: List_of_islands_and_peninsulas_of_Hong_Kong,,,,,,
I189,Tsui Pai,island,true,Islands,250,Wikipedia raw: List_of_islands_and_peninsulas_of_Hong_Kong,,,,,,
I190,Tuen Tau Chau,island,true,Sai Kung,250,Wikipedia raw: List_of_islands_and_peninsulas_of_Hong_Kong,,,,,,
I191,Tung Lung Chau,island,true,Sai Kung,250,Wikipedia raw: List_of_islands_and_peninsulas_of_Hong_Kong,,,,,,
I192,Tung Sam Chau,island,true,Sai Kung,250,Wikipedia raw: List_of_islands_and_peninsulas_of_Hong_Kong,,,,,,
I193,Wai Chau Pai,island,true,Tai Po,250,Wikipedia raw: List_of_islands_and_peninsulas_of_Hong_Kong,,,,,,
I194,Wai Kap Pai,island,true,Sai Kung,250,Wikipedia raw: List_of_islands_and_peninsulas_of_Hong_Kong,,,,,,
I195,Wang Chau,island,true,Sai Kung,250,Wikipedia raw: List_of_islands_and_peninsulas_of_Hong_Kong,,,,,,
I196,Wang Pai,island,true,Sai Kung,250,Wikipedia raw: List_of_islands_and_peninsulas_of_Hong_Kong,,,,,,
I197,Wo Sheung Chau,island,true,Sai Kung,250,Wikipedia raw: List_of_islands_and_peninsulas_of_Hong_Kong,,,,,,
I198,Wong Mau Chau,island,true,Sai Kung,250,Wikipedia raw: List_of_islands_and_peninsulas_of_Hong_Kong,,,,,,
I199,Wong Nai Chau Tsai,island,true,Sai Kung,250,Wikipedia raw: List_of_islands_and_peninsulas_of_Hong_Kong,,,,,,
I200,Wong Nai Chau,island,true,North,250,Wikipedia raw: List_of_islands_and_peninsulas_of_Hong_Kong,,,,,,
I201,"Wong Wan Chau (, Double Island)",island,true,North,250,Wikipedia raw: List_of_islands_and_peninsulas_of_Hong_Kong,,,,,,
I202,Wong Wan Pai,island,true,Sai Kung,250,Wikipedia raw: List_of_islands_and_peninsulas_of_Hong_Kong,,,,,,
I203,Wong Yi Chau,island,true,Sai Kung,250,Wikipedia raw: List_of_islands_and_peninsulas_of_Hong_Kong,,,,,,
I204,Wu Chau,island,true,North,250,Wikipedia raw: List_of_islands_and_peninsulas_of_Hong_Kong,,,,,,
I205,Wu Pai,island,true,North,250,Wikipedia raw: List_of_islands_and_peninsulas_of_Hong_Kong,,,,,,
I206,Wu Ying Pai,island,true,Islands,250,Wikipedia raw: List_of_islands_and_peninsulas_of_Hong_Kong,,,,,,
I207,Yan Chau,island,true,North,250,Wikipedia raw: List_of_islands_and_peninsulas_of_Hong_Kong,,,,,,
I208,Yau Lung Kok,island,true,Sai Kung,250,Wikipedia raw: List_of_islands_and_peninsulas_of_Hong_Kong,,,,,,
I209,Yeung Chau,island,true,North,250,Wikipedia raw: List_of_islands_and_peninsulas_of_Hong_Kong,,,,,,
I210,"Yeung Chau , Sheep Island",island,true,Sai Kung,250,Wikipedia raw: List_of_islands_and_peninsulas_of_Hong_Kong,,,,,,
I211,Yi Long Pai,island,true,Islands,250,Wikipedia raw: List_of_islands_and_peninsulas_of_Hong_Kong,,,,,,
I212,Yi Pai,island,true,Sai Kung,250,Wikipedia raw: List_of_islands_and_peninsulas_of_Hong_Kong,,,,,,
I213,Yim Tin Tsai,island,true,Tai Po,250,Wikipedia raw: List_of_islands_and_peninsulas_of_Hong_Kong,,,,,,
I214,"Yim Tin Tsai (, Little Salt Field)",island,true,Sai Kung,250,Wikipedia raw: List_of_islands_and_peninsulas_of_Hong_Kong,,,,,,
I215,Channel Rock,island,true,Kowloon City – now a part of the Kai Tak former airport runway,250,Wikipedia raw: List_of_islands_and_peninsulas_of_Hong_Kong,,,,,,
I216,"Fat Tong Chau (, Junk Island)",island,true,"now a part of Tseung Kwan O, Sai Kung as a result of land reclamation",250,Wikipedia raw: List_of_islands_and_peninsulas_of_Hong_Kong,,,,,,
I217,Hoi Sham Island,island,true,Kowloon City (also To Kwa Wan Island) – now part of Hoi Sham Park in To Kwa Wan as a result of reclamation,250,Wikipedia raw: List_of_islands_and_peninsulas_of_Hong_Kong,,,,,,
I218,Kellett Island,island,true,"now part of Causeway Bay as a result of gradual land reclamation, Eastern",250,Wikipedia raw: List_of_islands_and_peninsulas_of_Hong_Kong,,,,,,
I219,La Ka Chau,island,true,,250,Wikipedia raw: List_of_islands_and_peninsulas_of_Hong_Kong,,,,,,
I220,Lam Chau,island,true,Islands – now assimilated with Chek Lap Kok into the airport platform and connected to Lantau by two bridges,250,Wikipedia raw: List_of_islands_and_peninsulas_of_Hong_Kong,,,,,,
I221,"Leung Shuen Wan (, High Island), Sai Kung",island,true,connected to the mainland to form the High Island Reservoir,250,Wikipedia raw: List_of_islands_and_peninsulas_of_Hong_Kong,,,,,,
I222,Mong Chau,island,true,"an island off the hill of Lai King, buried under the Terminal 2 of the Container Terminal",250,Wikipedia raw: List_of_islands_and_peninsulas_of_Hong_Kong,,,,,,
I223,Mouse Island,island,true,"an island in Sam Shing, Tuen Mun and now a part of Mouse Island Children's Playground",250,Wikipedia raw: List_of_islands_and_peninsulas_of_Hong_Kong,,,,,,
I224,Rumsey Rock,island,true,now a part of shore between Tsim Sha Tsui East and Hung Hom,250,Wikipedia raw: List_of_islands_and_peninsulas_of_Hong_Kong,,,,,,
I225,Stonecutters Island,island,true,"a former island, now part of the Kowloon Peninsula, following land reclamation",250,Wikipedia raw: List_of_islands_and_peninsulas_of_Hong_Kong,,,,,,
I226,"Tsing Chau, or Pillar Island",island,true,"absorbed into reclaimed land of Gin Drinkers Bay or Lap Sap Wan. It is at Kwai Chung, next to Tsing Yi Bridge",250,Wikipedia raw: List_of_islands_and_peninsulas_of_Hong_Kong,,,,,,
I227,Tung Tau Chau,island,true,connected to the mainland to form the Plover Cove Reservoir,250,Wikipedia raw: List_of_islands_and_peninsulas_of_Hong_Kong,,,,,,
I228,Yuen Chau Tsai,island,true,,250,Wikipedia raw: List_of_islands_and_peninsulas_of_Hong_Kong,,,,,,
I229,Un Chau,island,true,,250,Wikipedia raw: List_of_islands_and_peninsulas_of_Hong_Kong,,,,,,
I230,Careening Island,island,true,,250,Wikipedia raw: List_of_islands_and_peninsulas_of_Hong_Kong,,,,,,
I231,New Wing of Hong Kong Convention and Exhibition Centre,island,true,,250,Wikipedia raw: List_of_islands_and_peninsulas_of_Hong_Kong,,,,,,
