id,name_zh,name_en,type,is_island,district,radius_meters,source
I001,丫洲,A Chau,island,true,Tai Po,250,Wikipedia raw: List_of_islands_and_peninsulas_of_Hong_Kong
I002,鴉洲,A Chau,island,true,North,250,Wikipedia raw: List_of_islands_and_peninsulas_of_Hong_Kong
I003,北長洲石,Adamasta Rock,island,true,Islands,250,Wikipedia raw: List_of_islands_and_peninsulas_of_Hong_Kong
I004,鴨洲尾白墩排,Ap Chau Mei Pak Tun Pai,island,true,North,250,Wikipedia raw: List_of_islands_and_peninsulas_of_Hong_Kong
I005,鴨洲白墩排,Ap Chau Pak Tun Pai,island,true,North,250,Wikipedia raw: List_of_islands_and_peninsulas_of_Hong_Kong
I006,鴨洲,Ap Chau,island,true,North,250,Wikipedia raw: List_of_islands_and_peninsulas_of_Hong_Kong
I007,鴨脷洲,Ap Lei Chau,island,true,Southern,250,Wikipedia raw: List_of_islands_and_peninsulas_of_Hong_Kong
I008,鴨脷排,Ap Lei Pai,island,true,Southern,250,Wikipedia raw: List_of_islands_and_peninsulas_of_Hong_Kong
I009,鴨籮春,Ap Lo Chun,island,true,North,250,Wikipedia raw: List_of_islands_and_peninsulas_of_Hong_Kong
I010,鴨蛋排,Ap Tan Pai,island,true,North,250,Wikipedia raw: List_of_islands_and_peninsulas_of_Hong_Kong
I011,鴨兜排,Ap Tau Pai,island,true,North,250,Wikipedia raw: List_of_islands_and_peninsulas_of_Hong_Kong
I012,匙洲,Bay Islet,island,true,Sai Kung,250,Wikipedia raw: List_of_islands_and_peninsulas_of_Hong_Kong
I013,打浪排,Breaker Reef,island,true,Tai Po,250,Wikipedia raw: List_of_islands_and_peninsulas_of_Hong_Kong
I014,崩鼻洲,Bun Bei Chau,island,true,Sai Kung,250,Wikipedia raw: List_of_islands_and_peninsulas_of_Hong_Kong
I015,崩紗排,Bun Sha Pai,island,true,Tai Po,250,Wikipedia raw: List_of_islands_and_peninsulas_of_Hong_Kong
I016,茶果洲,Cha Kwo Chau,island,true,Islands,250,Wikipedia raw: List_of_islands_and_peninsulas_of_Hong_Kong
I017,炸魚排,Cha Yue Pai,island,true,Sai Kung,250,Wikipedia raw: List_of_islands_and_peninsulas_of_Hong_Kong
I018,杉排,Cham Pai,island,true,Tai Po,250,Wikipedia raw: List_of_islands_and_peninsulas_of_Hong_Kong
I019,沉排,Cham Pai,island,true,Sai Kung,250,Wikipedia raw: List_of_islands_and_peninsulas_of_Hong_Kong
I020,枕頭洲,Cham Tau Chau,island,true,Sai Kung,250,Wikipedia raw: List_of_islands_and_peninsulas_of_Hong_Kong
I021,執毛洲,Chap Mo Chau,island,true,North,250,Wikipedia raw: List_of_islands_and_peninsulas_of_Hong_Kong
I022,洲仔角,Chau Tsai Kok,island,true,Tai Po,250,Wikipedia raw: List_of_islands_and_peninsulas_of_Hong_Kong
I023,洲仔,Chau Tsai,island,true,Sai Kung,250,Wikipedia raw: List_of_islands_and_peninsulas_of_Hong_Kong
I024,扯里排,Che Lei Pai,island,true,Tai Po,250,Wikipedia raw: List_of_islands_and_peninsulas_of_Hong_Kong
I025,赤洲,Chek Chau,island,true,Tai Po,250,Wikipedia raw: List_of_islands_and_peninsulas_of_Hong_Kong
I026,赤鱲角,Chek Lap Kok,island,true,Islands – now assimilated with Lam Chau into the airport platform and connected to Lantau Island by two bridges,250,Wikipedia raw: List_of_islands_and_peninsulas_of_Hong_Kong
I027,長洲,Cheung Chau,island,true,Islands,250,Wikipedia raw: List_of_islands_and_peninsulas_of_Hong_Kong
I028,長石咀,Cheung Shek Tsui,island,true,North,250,Wikipedia raw: List_of_islands_and_peninsulas_of_Hong_Kong
I029,長索,Cheung Sok,island,true,Tsuen Wan,250,Wikipedia raw: List_of_islands_and_peninsulas_of_Hong_Kong
I030,長咀洲,Cheung Tsui Chau,island,true,Sai Kung,250,Wikipedia raw: List_of_islands_and_peninsulas_of_Hong_Kong
I031,青洲,Ching Chau,island,true,Sai Kung,250,Wikipedia raw: List_of_islands_and_peninsulas_of_Hong_Kong
I032,飯甑洲,Conic Island,island,true,Sai Kung,250,Wikipedia raw: List_of_islands_and_peninsulas_of_Hong_Kong
I033,德己利士礁,Douglas Rock,island,true,Islands,250,Wikipedia raw: List_of_islands_and_peninsulas_of_Hong_Kong
I034,銀洲,Flat Island,island,true,Tai Po,250,Wikipedia raw: List_of_islands_and_peninsulas_of_Hong_Kong
I035,火石洲,Fo Shek Chau,island,true,Sai Kung,250,Wikipedia raw: List_of_islands_and_peninsulas_of_Hong_Kong
I036,火燒排,Fo Siu Pai,island,true,Sai Kung,250,Wikipedia raw: List_of_islands_and_peninsulas_of_Hong_Kong
I037,虎王洲,Fu Wong Chau,island,true,North,250,Wikipedia raw: List_of_islands_and_peninsulas_of_Hong_Kong
I038,墳洲,Fun Chau,island,true,North,250,Wikipedia raw: List_of_islands_and_peninsulas_of_Hong_Kong
I039,青洲,Green Island,island,true,Central & Western,250,Wikipedia raw: List_of_islands_and_peninsulas_of_Hong_Kong
I040,蝦鬚排,Ha So Pai,island,true,Islands,250,Wikipedia raw: List_of_islands_and_peninsulas_of_Hong_Kong
I041,孝子角排,Hau Tsz Kok Pai,island,true,Tai Po,250,Wikipedia raw: List_of_islands_and_peninsulas_of_Hong_Kong
I042,喜靈洲,Hei Ling Chau,island,true,Islands,250,Wikipedia raw: List_of_islands_and_peninsulas_of_Hong_Kong
I043,蜆排,Hin Pai,island,true,Tai Po,250,Wikipedia raw: List_of_islands_and_peninsulas_of_Hong_Kong
I044,殼仔排,Hok Tsai Pai,island,true,Sai Kung,250,Wikipedia raw: List_of_islands_and_peninsulas_of_Hong_Kong
I045,香港島,Hong Kong Island,island,true,,250,Wikipedia raw: List_of_islands_and_peninsulas_of_Hong_Kong
I046,紅排,Hung Pai,island,true,North,250,Wikipedia raw: List_of_islands_and_peninsulas_of_Hong_Kong
I047,雞洲,Kai Chau,island,true,Sai Kung,250,Wikipedia raw: List_of_islands_and_peninsulas_of_Hong_Kong
I048,吉澳,Kat O,island,true,North,250,Wikipedia raw: List_of_islands_and_peninsulas_of_Hong_Kong
I049,狗脾洲,Kau Pei Chau,island,true,Southern,250,Wikipedia raw: List_of_islands_and_peninsulas_of_Hong_Kong
I050,滘西洲,Kau Sai Chau,island,true,Sai Kung,250,Wikipedia raw: List_of_islands_and_peninsulas_of_Hong_Kong
I051,交椅洲,Kau Yi Chau,island,true,Islands,250,Wikipedia raw: List_of_islands_and_peninsulas_of_Hong_Kong
I052,橋頭,Kiu Tau,island,true,Sai Kung,250,Wikipedia raw: List_of_islands_and_peninsulas_of_Hong_Kong
I053,橋咀洲,Kiu Tsui Chau,island,true,Sai Kung,250,Wikipedia raw: List_of_islands_and_peninsulas_of_Hong_Kong
I054,高排,Ko Pai,island,true,North,250,Wikipedia raw: List_of_islands_and_peninsulas_of_Hong_Kong
I055,角大排,Kok Tai Pai,island,true,North,250,Wikipedia raw: List_of_islands_and_peninsulas_of_Hong_Kong
I056,光頭排,Kong Tau Pai,island,true,Sai Kung,250,Wikipedia raw: List_of_islands_and_peninsulas_of_Hong_Kong
I057,九龍石,Kowloon Rock,island,true,Kowloon City,250,Wikipedia raw: List_of_islands_and_peninsulas_of_Hong_Kong
I058,弓洲,Kung Chau,island,true,Tai Po,250,Wikipedia raw: List_of_islands_and_peninsulas_of_Hong_Kong
I059,罐杉環,Kwun Cham Wan,island,true,Sai Kung,250,Wikipedia raw: List_of_islands_and_peninsulas_of_Hong_Kong
I060,觀仔,Kwun Tsai,island,true,Sai Kung,250,Wikipedia raw: List_of_islands_and_peninsulas_of_Hong_Kong
I061,癩痢仔,Lak Lei Tsai,island,true,Sai Kung,250,Wikipedia raw: List_of_islands_and_peninsulas_of_Hong_Kong
I062,南丫島,Lamma Island,island,true,Islands,250,Wikipedia raw: List_of_islands_and_peninsulas_of_Hong_Kong
I063,爛樹排,Lan Shuen Pei,island,true,North,250,Wikipedia raw: List_of_islands_and_peninsulas_of_Hong_Kong
I064,爛頭排,Lan Tau Pai,island,true,Sai Kung,250,Wikipedia raw: List_of_islands_and_peninsulas_of_Hong_Kong
I065,大嶼山,Lantau Island,island,true,Islands,250,Wikipedia raw: List_of_islands_and_peninsulas_of_Hong_Kong
I066,垃圾洲,Lap Sap Chau,island,true,Sai Kung,250,Wikipedia raw: List_of_islands_and_peninsulas_of_Hong_Kong
I067,小青洲,Little Green Island,island,true,Central & Western,250,Wikipedia raw: List_of_islands_and_peninsulas_of_Hong_Kong
I068,羅洲,Lo Chau,island,true,Southern,250,Wikipedia raw: List_of_islands_and_peninsulas_of_Hong_Kong
I069,鷀鸕排,Lo Chi Pai,island,true,North,250,Wikipedia raw: List_of_islands_and_peninsulas_of_Hong_Kong
I070,老虎吊排,Lo Fu Tiu Pai,island,true,Sai Kung,250,Wikipedia raw: List_of_islands_and_peninsulas_of_Hong_Kong
I071,老鼠排,Lo Shue Pai,island,true,Eastern,250,Wikipedia raw: List_of_islands_and_peninsulas_of_Hong_Kong
I072,饅頭排,Loaf Rock,island,true,Islands,250,Wikipedia raw: List_of_islands_and_peninsulas_of_Hong_Kong
I073,鹿洲,Luk Chau,island,true,Islands,250,Wikipedia raw: List_of_islands_and_peninsulas_of_Hong_Kong
I074,龍鼓洲,Lung Kwu Chau,island,true,Tuen Mun,250,Wikipedia raw: List_of_islands_and_peninsulas_of_Hong_Kong
I075,龍山排,Lung Shan Pai,island,true,Southern,250,Wikipedia raw: List_of_islands_and_peninsulas_of_Hong_Kong
I076,龍船排,Lung Shuen Pai,island,true,Sai Kung,250,Wikipedia raw: List_of_islands_and_peninsulas_of_Hong_Kong
I077,甩洲,Lut Chau,island,true,Yuen Long,250,Wikipedia raw: List_of_islands_and_peninsulas_of_Hong_Kong
I078,馬屎洲,Ma Shi Chau,island,true,Tai Po,250,Wikipedia raw: List_of_islands_and_peninsulas_of_Hong_Kong
I079,孖仔排,Ma Tsai Pai,island,true,Sai Kung,250,Wikipedia raw: List_of_islands_and_peninsulas_of_Hong_Kong
I080,馬灣,Ma Wan,island,true,Tsuen Wan,250,Wikipedia raw: List_of_islands_and_peninsulas_of_Hong_Kong
I081,媽印排,Ma Yan Pai,island,true,Tai Po,250,Wikipedia raw: List_of_islands_and_peninsulas_of_Hong_Kong
I082,火藥洲,Magazine Island,island,true,Southern,250,Wikipedia raw: List_of_islands_and_peninsulas_of_Hong_Kong
I083,尾排,Mei Pai,island,true,Islands,250,Wikipedia raw: List_of_islands_and_peninsulas_of_Hong_Kong
I084,熨波洲,Middle Island,island,true,Southern,250,Wikipedia raw: List_of_islands_and_peninsulas_of_Hong_Kong
I085,芒洲仔,Mong Chau Tsai,island,true,Sai Kung,250,Wikipedia raw: List_of_islands_and_peninsulas_of_Hong_Kong
I086,磨洲,Moon Island,island,true,Tai Po,250,Wikipedia raw: List_of_islands_and_peninsulas_of_Hong_Kong
I087,木魚洲,Muk Yue Chau,island,true,Sai Kung,250,Wikipedia raw: List_of_islands_and_peninsulas_of_Hong_Kong
I088,南風洲,Nam Fung Chau,island,true,Sai Kung,250,Wikipedia raw: List_of_islands_and_peninsulas_of_Hong_Kong
I089,五分洲,Ng Fan Chau,island,true,Southern,250,Wikipedia raw: List_of_islands_and_peninsulas_of_Hong_Kong
I090,牙鷹洲,Nga Ying Chau,island,true,Sai Kung Southeast to Ching Chau ({{zh|t=青洲|labels=no}}),250,Wikipedia raw: List_of_islands_and_peninsulas_of_Hong_Kong
I091,牙鷹排,Nga Ying Pai,island,true,Sai Kung,250,Wikipedia raw: List_of_islands_and_peninsulas_of_Hong_Kong
I092,岩口石,Ngam Hau Shek,island,true,Tsuen Wan,250,Wikipedia raw: List_of_islands_and_peninsulas_of_Hong_Kong
I093,牛屎砵,Ngau Shi Pui,island,true,Sai Kung,250,Wikipedia raw: List_of_islands_and_peninsulas_of_Hong_Kong
I094,牛頭排,Ngau Tau Pai,island,true,Sai Kung,250,Wikipedia raw: List_of_islands_and_peninsulas_of_Hong_Kong
I095,娥眉洲,Ngo Mei Chau,island,true,North,250,Wikipedia raw: List_of_islands_and_peninsulas_of_Hong_Kong
I096,果洲群島,Ninepin Group,island,true,Sai Kung,250,Wikipedia raw: List_of_islands_and_peninsulas_of_Hong_Kong
I097,"白洲, Tree Island",Pak Chau,island,true,Tuen Mun,250,Wikipedia raw: List_of_islands_and_peninsulas_of_Hong_Kong
I098,筆架洲,Pak Ka Chau,island,true,North,250,Wikipedia raw: List_of_islands_and_peninsulas_of_Hong_Kong
I099,白馬咀排,Pak Ma Tsui Pai,island,true,Sai Kung,250,Wikipedia raw: List_of_islands_and_peninsulas_of_Hong_Kong
I100,白排,Pak Pai,island,true,Sai Kung,250,Wikipedia raw: List_of_islands_and_peninsulas_of_Hong_Kong
I101,白沙洲,Pak Sha Chau,island,true,North,250,Wikipedia raw: List_of_islands_and_peninsulas_of_Hong_Kong
I102,筆架洲,Pat Ka Chau,island,true,North,250,Wikipedia raw: List_of_islands_and_peninsulas_of_Hong_Kong
I103,雞翼角,Peaked Hill,island,true,Islands,250,Wikipedia raw: List_of_islands_and_peninsulas_of_Hong_Kong
I104,坪洲,Peng Chau,island,true,Islands,250,Wikipedia raw: List_of_islands_and_peninsulas_of_Hong_Kong
I105,龍珠島,Pearl Island,island,true,Tuen Mun,250,Wikipedia raw: List_of_islands_and_peninsulas_of_Hong_Kong
I106,扁洲,Pin Chau,island,true,Sai Kung,250,Wikipedia raw: List_of_islands_and_peninsulas_of_Hong_Kong
I107,平洲,Ping Chau,island,true,Tai Po,250,Wikipedia raw: List_of_islands_and_peninsulas_of_Hong_Kong
I108,平面洲,Ping Min Chau,island,true,Sai Kung,250,Wikipedia raw: List_of_islands_and_peninsulas_of_Hong_Kong
I109,破邊洲,Po Pin Chau,island,true,Sai Kung,250,Wikipedia raw: List_of_islands_and_peninsulas_of_Hong_Kong
I110,蒲苔群島,Po Toi Islands,island,true,Islands,250,Wikipedia raw: List_of_islands_and_peninsulas_of_Hong_Kong
I111,蒲魚排,Po Yue Pai,island,true,Sai Kung,250,Wikipedia raw: List_of_islands_and_peninsulas_of_Hong_Kong
I112,半山石,Pun Shan Shek,island,true,Tsuen Wan,250,Wikipedia raw: List_of_islands_and_peninsulas_of_Hong_Kong
I113,尖柱石,Pyramid Rock,island,true,Sai Kung,250,Wikipedia raw: List_of_islands_and_peninsulas_of_Hong_Kong
I114,銀洲,Round Island,island,true,Southern,250,Wikipedia raw: List_of_islands_and_peninsulas_of_Hong_Kong
I115,細鴨洲,Sai Ap Chau,island,true,North,250,Wikipedia raw: List_of_islands_and_peninsulas_of_Hong_Kong
I116,三排,Sam Pai,island,true,Sai Kung,250,Wikipedia raw: List_of_islands_and_peninsulas_of_Hong_Kong
I117,三杯酒,Sam Pui Chau,island,true,Tai Po,250,Wikipedia raw: List_of_islands_and_peninsulas_of_Hong_Kong
I118,沙洲,Sha Chau,island,true,Tuen Mun,250,Wikipedia raw: List_of_islands_and_peninsulas_of_Hong_Kong
I119,沙排,Sha Pai,island,true,North,250,Wikipedia raw: List_of_islands_and_peninsulas_of_Hong_Kong
I120,沙塘口山,Sha Tong Hau,island,true,Sai Kung,250,Wikipedia raw: List_of_islands_and_peninsulas_of_Hong_Kong
I121,深水排,Sham Shui Pai,island,true,Islands,250,Wikipedia raw: List_of_islands_and_peninsulas_of_Hong_Kong
I122,筲箕排,Shau Kei Pai,island,true,North,250,Wikipedia raw: List_of_islands_and_peninsulas_of_Hong_Kong
I123,石洲,Shek Chau,island,true,Sai Kung,250,Wikipedia raw: List_of_islands_and_peninsulas_of_Hong_Kong
I124,石鼓洲,Shek Kwu Chau,island,true,Islands,250,Wikipedia raw: List_of_islands_and_peninsulas_of_Hong_Kong
I125,石牛洲,Shek Ngau Chau,island,true,Tai Po,250,Wikipedia raw: List_of_islands_and_peninsulas_of_Hong_Kong
I126,牛尾洲,Shelter Island,island,true,Sai Kung,250,Wikipedia raw: List_of_islands_and_peninsulas_of_Hong_Kong
I127,雙排,Sheung Pai,island,true,North,250,Wikipedia raw: List_of_islands_and_peninsulas_of_Hong_Kong
I128,水浸咀排,Shui Cham Tsui Pai,island,true,North,250,Wikipedia raw: List_of_islands_and_peninsulas_of_Hong_Kong
I129,水排,Shui Pai,island,true,Islands,250,Wikipedia raw: List_of_islands_and_peninsulas_of_Hong_Kong
I130,小交椅洲,Siu Kau Yi Chau,island,true,Islands,250,Wikipedia raw: List_of_islands_and_peninsulas_of_Hong_Kong
I131,小稔洲,Siu Nim Chau,island,true,North,250,Wikipedia raw: List_of_islands_and_peninsulas_of_Hong_Kong
I132,小鏟洲,Siu Tsan Chau,island,true,Sai Kung,250,Wikipedia raw: List_of_islands_and_peninsulas_of_Hong_Kong
I133,索罟群島,Soko Islands,island,true,Islands,250,Wikipedia raw: List_of_islands_and_peninsulas_of_Hong_Kong
I134,青洲,Steep Island,island,true,Sai Kung,250,Wikipedia raw: List_of_islands_and_peninsulas_of_Hong_Kong
I135,周公島,Sunshine Island,island,true,Islands,250,Wikipedia raw: List_of_islands_and_peninsulas_of_Hong_Kong
I136,打蠔排,Ta Ho Pai,island,true,North,250,Wikipedia raw: List_of_islands_and_peninsulas_of_Hong_Kong
I137,大洲,Tai Chau,island,true,Sai Kung,250,Wikipedia raw: List_of_islands_and_peninsulas_of_Hong_Kong
I138,大利,Tai Lei,island,true,Islands,250,Wikipedia raw: List_of_islands_and_peninsulas_of_Hong_Kong
I139,大稔洲,Tai Nim Chau,island,true,North,250,Wikipedia raw: List_of_islands_and_peninsulas_of_Hong_Kong
I140,大澳,Tai O,island,true,Islands,250,Wikipedia raw: List_of_islands_and_peninsulas_of_Hong_Kong
I141,大排,Tai Pai,island,true,Sai Kung,250,Wikipedia raw: List_of_islands_and_peninsulas_of_Hong_Kong
I142,大頭洲,Tai Tau Chau (Sai Kung District),island,true,Sai Kung,250,Wikipedia raw: List_of_islands_and_peninsulas_of_Hong_Kong
I143,大頭洲,Tai Tau Chau (Southern District),island,true,Southern,250,Wikipedia raw: List_of_islands_and_peninsulas_of_Hong_Kong
I144,大鏟洲,Tai Tsan Chau,island,true,Sai Kung,250,Wikipedia raw: List_of_islands_and_peninsulas_of_Hong_Kong
I145,燈洲,Tang Chau,island,true,Tai Po,250,Wikipedia raw: List_of_islands_and_peninsulas_of_Hong_Kong
I146,燈籠洲,Tang Lung Chau,island,true,Tsuen Wan,250,Wikipedia raw: List_of_islands_and_peninsulas_of_Hong_Kong
I147,塔門,Tap Mun Chau,island,true,Tai Po,250,Wikipedia raw: List_of_islands_and_peninsulas_of_Hong_Kong
I148,頭洲,Tau Chau,island,true,Southern,250,Wikipedia raw: List_of_islands_and_peninsulas_of_Hong_Kong
I149,磨刀洲,The Brothers,island,true,Tuen Mun,250,Wikipedia raw: List_of_islands_and_peninsulas_of_Hong_Kong
I150,鐵蔘洲,Tit Cham Chau,island,true,Sai Kung,250,Wikipedia raw: List_of_islands_and_peninsulas_of_Hong_Kong
I151,鐵樹排,Tit Shue Pai,island,true,Tai Po,250,Wikipedia raw: List_of_islands_and_peninsulas_of_Hong_Kong
I152,吊鐘洲,Tiu Chung Chau,island,true,Sai Kung,250,Wikipedia raw: List_of_islands_and_peninsulas_of_Hong_Kong
I153,吊鐘排,Tiu Chung Pai,island,true,Sai Kung,250,Wikipedia raw: List_of_islands_and_peninsulas_of_Hong_Kong
I154,塘口排,Tong Hau Pai,island,true,Sai Kung,250,Wikipedia raw: List_of_islands_and_peninsulas_of_Hong_Kong
I155,劏人排,Tong Yan Pai,island,true,Southern,250,Wikipedia raw: List_of_islands_and_peninsulas_of_Hong_Kong
I156,伙頭墳洲,Town Island,island,true,Sai Kung,250,Wikipedia raw: List_of_islands_and_peninsulas_of_Hong_Kong
I157,大癩痢,Trio Island,island,true,Sai Kung,250,Wikipedia raw: List_of_islands_and_peninsulas_of_Hong_Kong
I158,Tsim Chau Group,Tsim Chau Group,island,true,Sai Kung,250,Wikipedia raw: List_of_islands_and_peninsulas_of_Hong_Kong
I159,青洲,Tsing Chau,island,true,North,250,Wikipedia raw: List_of_islands_and_peninsulas_of_Hong_Kong
I160,青衣島,Tsing Yi Island,island,true,Kwai Tsing,250,Wikipedia raw: List_of_islands_and_peninsulas_of_Hong_Kong
I161,咀排,Tsui Pai,island,true,Islands,250,Wikipedia raw: List_of_islands_and_peninsulas_of_Hong_Kong
I162,斷頭洲,Tuen Tau Chau,island,true,Sai Kung,250,Wikipedia raw: List_of_islands_and_peninsulas_of_Hong_Kong
I163,東龍洲,Tung Lung Chau,island,true,Sai Kung,250,Wikipedia raw: List_of_islands_and_peninsulas_of_Hong_Kong
I164,棟心洲,Tung Sam Chau,island,true,Sai Kung,250,Wikipedia raw: List_of_islands_and_peninsulas_of_Hong_Kong
I165,灣仔排,Wai Chau Pai,island,true,Tai Po,250,Wikipedia raw: List_of_islands_and_peninsulas_of_Hong_Kong
I166,桅夾排,Wai Kap Pai,island,true,Sai Kung,250,Wikipedia raw: List_of_islands_and_peninsulas_of_Hong_Kong
I167,橫洲,Wang Chau,island,true,Sai Kung,250,Wikipedia raw: List_of_islands_and_peninsulas_of_Hong_Kong
I168,橫排,Wang Pai,island,true,Sai Kung,250,Wikipedia raw: List_of_islands_and_peninsulas_of_Hong_Kong
I169,和尚洲,Wo Sheung Chau,island,true,Sai Kung,250,Wikipedia raw: List_of_islands_and_peninsulas_of_Hong_Kong
I170,黃茅洲,Wong Mau Chau,island,true,Sai Kung,250,Wikipedia raw: List_of_islands_and_peninsulas_of_Hong_Kong
I171,黃泥洲仔,Wong Nai Chau Tsai,island,true,Sai Kung,250,Wikipedia raw: List_of_islands_and_peninsulas_of_Hong_Kong
I172,黃泥洲,Wong Nai Chau,island,true,North,250,Wikipedia raw: List_of_islands_and_peninsulas_of_Hong_Kong
I173,往灣洲,Wong Wan Chau,island,true,North,250,Wikipedia raw: List_of_islands_and_peninsulas_of_Hong_Kong
I174,往灣排,Wong Wan Pai,island,true,Sai Kung,250,Wikipedia raw: List_of_islands_and_peninsulas_of_Hong_Kong
I175,黃宜洲,Wong Yi Chau,island,true,Sai Kung,250,Wikipedia raw: List_of_islands_and_peninsulas_of_Hong_Kong
I176,烏洲,Wu Chau,island,true,North,250,Wikipedia raw: List_of_islands_and_peninsulas_of_Hong_Kong
I177,烏排,Wu Pai,island,true,North,250,Wikipedia raw: List_of_islands_and_peninsulas_of_Hong_Kong
I178,湖洋洲排,Wu Yeung Chau Pai,island,true,North,250,Wikipedia raw: List_of_islands_and_peninsulas_of_Hong_Kong
I179,烏蠅排,Wu Ying Pai,island,true,Islands,250,Wikipedia raw: List_of_islands_and_peninsulas_of_Hong_Kong
I180,印洲,Yan Chau,island,true,North,250,Wikipedia raw: List_of_islands_and_peninsulas_of_Hong_Kong
I181,游龍角,Yau Lung Kok,island,true,Sai Kung,250,Wikipedia raw: List_of_islands_and_peninsulas_of_Hong_Kong
I182,洋洲,Yeung Chau,island,true,North,250,Wikipedia raw: List_of_islands_and_peninsulas_of_Hong_Kong
I183,羊洲,Yeung Chau,island,true,Sai Kung,250,Wikipedia raw: List_of_islands_and_peninsulas_of_Hong_Kong
I184,二浪排,Yi Long Pai,island,true,Islands,250,Wikipedia raw: List_of_islands_and_peninsulas_of_Hong_Kong
I185,二排,Yi Pai,island,true,Sai Kung,250,Wikipedia raw: List_of_islands_and_peninsulas_of_Hong_Kong
I186,鹽田仔,Yim Tin Tsai,island,true,Tai Po,250,Wikipedia raw: List_of_islands_and_peninsulas_of_Hong_Kong
I187,圓崗洲,Yuen Kong Chau,island,true,Sai Kung,250,Wikipedia raw: List_of_islands_and_peninsulas_of_Hong_Kong
I188,Channel Rock,Channel Rock,island,true,Kowloon City – now a part of the Kai Tak former airport runway,250,Wikipedia raw: List_of_islands_and_peninsulas_of_Hong_Kong
I189,Chau Tsai,Chau Tsai,island,true,"absorbed by reclaimed land of Tsing Yi Island, near CRC Oil Depot of Nam Wan Kok",250,Wikipedia raw: List_of_islands_and_peninsulas_of_Hong_Kong
I190,佛堂洲,Fat Tong Chau,island,true,"now a part of Tseung Kwan O, Sai Kung as a result of land reclamation",250,Wikipedia raw: List_of_islands_and_peninsulas_of_Hong_Kong
I191,Hoi Sham Island,Hoi Sham Island,island,true,Kowloon City (also To Kwa Wan Island) – now part of Hoi Sham Park in To Kwa Wan as a result of reclamation,250,Wikipedia raw: List_of_islands_and_peninsulas_of_Hong_Kong
I192,Kellett Island,Kellett Island,island,true,"now part of Causeway Bay as a result of gradual land reclamation, Eastern",250,Wikipedia raw: List_of_islands_and_peninsulas_of_Hong_Kong
I193,勒加洲,La Ka Chau,island,true,,250,Wikipedia raw: List_of_islands_and_peninsulas_of_Hong_Kong
I194,Lam Chau,Lam Chau,island,true,Islands – now assimilated with Chek Lap Kok into the airport platform and connected to Lantau by two bridges,250,Wikipedia raw: List_of_islands_and_peninsulas_of_Hong_Kong
I195,糧船灣洲,Leung Shuen Wan,island,true,connected to the mainland to form the High Island Reservoir,250,Wikipedia raw: List_of_islands_and_peninsulas_of_Hong_Kong
I196,Mong Chau,Mong Chau,island,true,"an island off the hill of Lai King, buried under the Terminal 2 of the Container Terminal",250,Wikipedia raw: List_of_islands_and_peninsulas_of_Hong_Kong
I197,Mouse Island,Mouse Island,island,true,"an island in Sam Shing, Tuen Mun and now a part of Mouse Island Children's Playground",250,Wikipedia raw: List_of_islands_and_peninsulas_of_Hong_Kong
I198,Nga Ying Chau,Nga Ying Chau,island,true,"now at the northeast corner of Tsing Yi Island as a result of land reclamation, which name was preserved in the street name nearby ""Nga Ying Chau Street""",250,Wikipedia raw: List_of_islands_and_peninsulas_of_Hong_Kong
I199,Rumsey Rock,Rumsey Rock,island,true,now a part of shore between Tsim Sha Tsui East and Hung Hom,250,Wikipedia raw: List_of_islands_and_peninsulas_of_Hong_Kong
I200,Stonecutters Island,Stonecutters Island,island,true,"a former island, now part of the Kowloon Peninsula, following land reclamation",250,Wikipedia raw: List_of_islands_and_peninsulas_of_Hong_Kong
I201,Tsing Chau,Tsing Chau,island,true,"absorbed into reclaimed land of Gin Drinkers Bay or Lap Sap Wan. It is at Kwai Chung, next to Tsing Yi Bridge",250,Wikipedia raw: List_of_islands_and_peninsulas_of_Hong_Kong
I202,東頭洲,Tung Tau Chau,island,true,connected to the mainland to form the Plover Cove Reservoir,250,Wikipedia raw: List_of_islands_and_peninsulas_of_Hong_Kong
I203,元洲仔,Yuen Chau Tsai,island,true,,250,Wikipedia raw: List_of_islands_and_peninsulas_of_Hong_Kong
I204,Un Chau,Un Chau,island,true,,250,Wikipedia raw: List_of_islands_and_peninsulas_of_Hong_Kong
I205,Careening Island,Careening Island,island,true,,250,Wikipedia raw: List_of_islands_and_peninsulas_of_Hong_Kong
I206,Hong Kong Convention and Exhibition Centre,Hong Kong Convention and Exhibition Centre,island,true,,250,Wikipedia raw: List_of_islands_and_peninsulas_of_Hong_Kong
