new_id,commonNameZh,localNameZh,scientificName,fishType,bodyShape,rarityRank,imageUrl,icon_abs,photo_url,photo_source,matched_title_or_taxon,source_page,confidence,photo_status,photo_abs
001,河豚,雞泡,Diodon holocanthus,其他魚類,圓筒型,4,assets/fish/icons/generated/001.png,C:\Users\s0829\fishergo\assets\fish\icons\generated\001.png,https://inaturalist-open-data.s3.amazonaws.com/photos/6493337/large.jpg,iNaturalist,Diodon holocanthus,taxon_id=49269,high,downloaded,C:\Users\s0829\fishergo\data\fish_audit6_full_rebuild\photo_cache\fish-001.jpg
002,魟魚,魔鬼魚,Hypanus americanus,其他魚類,扁平型,2,assets/fish/icons/generated/002.png,C:\Users\s0829\fishergo\assets\fish\icons\generated\002.png,https://inaturalist-open-data.s3.amazonaws.com/photos/5856356/large.jpg,iNaturalist,Hypanus americanus,taxon_id=623850,high,downloaded,C:\Users\s0829\fishergo\data\fish_audit6_full_rebuild\photo_cache\fish-002.jpg
003,三角魚,三角魚,,其他魚類,標準紡錘型,2,assets/fish/icons/generated/003.png,C:\Users\s0829\fishergo\assets\fish\icons\generated\003.png,,,,,not_found,missing,
004,三鬚魚,三鬚,,其他魚類,標準紡錘型,2,assets/fish/icons/generated/004.png,C:\Users\s0829\fishergo\assets\fish\icons\generated\004.png,,,,,not_found,missing,
005,九肚魚,九肚魚,Harpadon nehereus,其他魚類,標準紡錘型,2,assets/fish/icons/generated/005.png,C:\Users\s0829\fishergo\assets\fish\icons\generated\005.png,https://static.inaturalist.org/photos/22207916/large.jpeg,iNaturalist,Harpadon nehereus,taxon_id=512127,high,downloaded,C:\Users\s0829\fishergo\data\fish_audit6_full_rebuild\photo_cache\fish-005.jpg
006,咬仔鳚,狗母鳚,,其他魚類,標準紡錘型,2,assets/fish/icons/generated/006.png,C:\Users\s0829\fishergo\assets\fish\icons\generated\006.png,https://upload.wikimedia.org/wikipedia/commons/7/77/StegastApicalAnneHoggett.jpg,Wikipedia-zh,尖椒雀鯛,https://zh.wikipedia.org/wiki/%E5%B0%96%E6%A4%92%E9%9B%80%E9%AF%9B,medium,downloaded,C:\Users\s0829\fishergo\data\fish_audit6_full_rebuild\photo_cache\fish-006.jpg
007,四指馬友,馬友,Eleutheronema tetradactylum,其他魚類,標準紡錘型,2,assets/fish/icons/generated/007.png,C:\Users\s0829\fishergo\assets\fish\icons\generated\007.png,https://inaturalist-open-data.s3.amazonaws.com/photos/5002958/large.jpg,iNaturalist,Eleutheronema tetradactylum,taxon_id=333753,high,downloaded,C:\Users\s0829\fishergo\data\fish_audit6_full_rebuild\photo_cache\fish-007.jpg
008,大眼扁頭魚,大眼牛鰍,,其他魚類,標準紡錘型,2,assets/fish/icons/generated/008.png,C:\Users\s0829\fishergo\assets\fish\icons\generated\008.png,https://upload.wikimedia.org/wikipedia/commons/thumb/6/66/Priacanthus_macracanthus.jpg/1280px-Priacanthus_macracanthus.jpg,Wikipedia-zh,大眼鯛,https://zh.wikipedia.org/wiki/%E5%A4%A7%E7%9C%BC%E9%AF%9B,medium,downloaded,C:\Users\s0829\fishergo\data\fish_audit6_full_rebuild\photo_cache\fish-008.jpg
009,大頭帶魚,刀魚,Trichiurus lepturus,其他魚類,標準紡錘型,2,assets/fish/icons/generated/009.png,C:\Users\s0829\fishergo\assets\fish\icons\generated\009.png,https://static.inaturalist.org/photos/181477483/large.jpg,iNaturalist,Trichiurus lepturus,taxon_id=51404,high,downloaded,C:\Users\s0829\fishergo\data\fish_audit6_full_rebuild\photo_cache\fish-009.jpg
010,大頭黃姑魚,大頭黃花,Pennahia macrocephala,其他魚類,標準紡錘型,2,assets/fish/icons/generated/010.png,C:\Users\s0829\fishergo\assets\fish\icons\generated\010.png,https://inaturalist-open-data.s3.amazonaws.com/photos/167191195/large.jpeg,iNaturalist,Pennahia macrocephala,taxon_id=1556598,high,downloaded,C:\Users\s0829\fishergo\data\fish_audit6_full_rebuild\photo_cache\fish-010.jpg
011,寶石隆頭魚,寶石青衣,,其他魚類,標準紡錘型,2,assets/fish/icons/generated/011.png,C:\Users\s0829\fishergo\assets\fish\icons\generated\011.png,,,,,not_found,missing,
012,小帶紋石首魚,花石首,Terapon puta,其他魚類,標準紡錘型,2,assets/fish/icons/generated/012.png,C:\Users\s0829\fishergo\assets\fish\icons\generated\012.png,https://inaturalist-open-data.s3.amazonaws.com/photos/162032088/large.jpeg,iNaturalist,Terapon puta,taxon_id=531030,high,downloaded,C:\Users\s0829\fishergo\data\fish_audit6_full_rebuild\photo_cache\fish-012.jpg
013,岩魚,石狗公仔,Sebastes caurinus,其他魚類,標準紡錘型,2,assets/fish/icons/generated/013.png,C:\Users\s0829\fishergo\assets\fish\icons\generated\013.png,https://inaturalist-open-data.s3.amazonaws.com/photos/117750791/large.jpg,iNaturalist,Sebastes caurinus,taxon_id=68597,high,downloaded,C:\Users\s0829\fishergo\data\fish_audit6_full_rebuild\photo_cache\fish-013.jpg
014,斑點石鱸,石鱸,Plectorhinchus flavomaculatus,其他魚類,標準紡錘型,2,assets/fish/icons/generated/014.png,C:\Users\s0829\fishergo\assets\fish\icons\generated\014.png,https://static.inaturalist.org/photos/241195181/large.jpg,iNaturalist,Plectorhinchus flavomaculatus,taxon_id=341862,high,downloaded,C:\Users\s0829\fishergo\data\fish_audit6_full_rebuild\photo_cache\fish-014.jpg
015,斑點金鼓,金鼓,Scatophagus argus,其他魚類,標準紡錘型,2,assets/fish/icons/generated/015.png,C:\Users\s0829\fishergo\assets\fish\icons\generated\015.png,https://inaturalist-open-data.s3.amazonaws.com/photos/171540853/large.jpeg,iNaturalist,Scatophagus argus,taxon_id=112173,high,downloaded,C:\Users\s0829\fishergo\data\fish_audit6_full_rebuild\photo_cache\fish-015.jpg
016,斑點鱚,花沙鑽,Sillaginodes punctatus,其他魚類,標準紡錘型,2,assets/fish/icons/generated/016.png,C:\Users\s0829\fishergo\assets\fish\icons\generated\016.png,https://inaturalist-open-data.s3.amazonaws.com/photos/559797868/large.jpg,iNaturalist,Sillaginodes punctatus,taxon_id=321999,high,downloaded,C:\Users\s0829\fishergo\data\fish_audit6_full_rebuild\photo_cache\fish-016.jpg
017,旗魚,劍旗魚,Jordanella floridae,其他魚類,標準紡錘型,2,assets/fish/icons/generated/017.png,C:\Users\s0829\fishergo\assets\fish\icons\generated\017.png,https://static.inaturalist.org/photos/39869434/large.jpg,iNaturalist,Jordanella floridae,taxon_id=103632,high,downloaded,C:\Users\s0829\fishergo\data\fish_audit6_full_rebuild\photo_cache\fish-017.jpg
018,日本真鱸,海鱸,Lateolabrax japonicus,其他魚類,標準紡錘型,2,assets/fish/icons/generated/018.png,C:\Users\s0829\fishergo\assets\fish\icons\generated\018.png,https://static.inaturalist.org/photos/61342151/large.jpg,iNaturalist,Lateolabrax japonicus,taxon_id=194678,high,downloaded,C:\Users\s0829\fishergo\data\fish_audit6_full_rebuild\photo_cache\fish-018.jpg
019,日本馬頭魚,馬頭魚,,其他魚類,標準紡錘型,2,assets/fish/icons/generated/019.png,C:\Users\s0829\fishergo\assets\fish\icons\generated\019.png,https://upload.wikimedia.org/wikipedia/commons/thumb/b/b9/Pagrus_major_Red_seabream_ja01.jpg/1280px-Pagrus_major_Red_seabream_ja01.jpg,Wikipedia-zh,真鯛,https://zh.wikipedia.org/wiki/%E7%9C%9F%E9%AF%9B,medium,downloaded,C:\Users\s0829\fishergo\data\fish_audit6_full_rebuild\photo_cache\fish-019.jpg
020,條紋伏波魚,伏波魚,Eucinostomus gula,其他魚類,標準紡錘型,2,assets/fish/icons/generated/020.png,C:\Users\s0829\fishergo\assets\fish\icons\generated\020.png,https://inaturalist-open-data.s3.amazonaws.com/photos/30776419/large.jpg,iNaturalist,Eucinostomus gula,taxon_id=179598,high,downloaded,C:\Users\s0829\fishergo\data\fish_audit6_full_rebuild\photo_cache\fish-020.jpg
021,梭子魚,梭魚,Sphyraena barracuda,其他魚類,標準紡錘型,2,assets/fish/icons/generated/021.png,C:\Users\s0829\fishergo\assets\fish\icons\generated\021.png,https://inaturalist-open-data.s3.amazonaws.com/photos/294595913/large.jpg,iNaturalist,Sphyraena barracuda,taxon_id=47251,high,downloaded,C:\Users\s0829\fishergo\data\fish_audit6_full_rebuild\photo_cache\fish-021.jpg
022,沙甸魚,沙甸,Sardinella aurita,其他魚類,標準紡錘型,2,assets/fish/icons/generated/022.png,C:\Users\s0829\fishergo\assets\fish\icons\generated\022.png,https://static.inaturalist.org/photos/126459849/large.jpeg,iNaturalist,Sardinella aurita,taxon_id=118599,high,downloaded,C:\Users\s0829\fishergo\data\fish_audit6_full_rebuild\photo_cache\fish-022.jpg
023,油魚,油甘魚,Ruvettus pretiosus,其他魚類,標準紡錘型,2,assets/fish/icons/generated/023.png,C:\Users\s0829\fishergo\assets\fish\icons\generated\023.png,https://inaturalist-open-data.s3.amazonaws.com/photos/197034220/large.jpg,iNaturalist,Ruvettus pretiosus,taxon_id=194885,high,downloaded,C:\Users\s0829\fishergo\data\fish_audit6_full_rebuild\photo_cache\fish-023.jpg
024,海鯽,海鯽,Gerres simillimus,其他魚類,標準紡錘型,2,assets/fish/icons/generated/024.png,C:\Users\s0829\fishergo\assets\fish\icons\generated\024.png,https://inaturalist-open-data.s3.amazonaws.com/photos/257533457/large.jpeg,iNaturalist,Gerres simillimus,taxon_id=187420,high,downloaded,C:\Users\s0829\fishergo\data\fish_audit6_full_rebuild\photo_cache\fish-024.jpg
025,海鱔,海鱔,Gymnothorax undulatus,其他魚類,標準紡錘型,2,assets/fish/icons/generated/025.png,C:\Users\s0829\fishergo\assets\fish\icons\generated\025.png,https://inaturalist-open-data.s3.amazonaws.com/photos/112702429/large.jpg,iNaturalist,Gymnothorax undulatus,taxon_id=52399,high,downloaded,C:\Users\s0829\fishergo\data\fish_audit6_full_rebuild\photo_cache\fish-025.jpg
026,獨角革魨,剝皮魚,Aluterus monoceros,其他魚類,標準紡錘型,2,assets/fish/icons/generated/026.png,C:\Users\s0829\fishergo\assets\fish\icons\generated\026.png,https://inaturalist-open-data.s3.amazonaws.com/photos/4614108/large.jpeg,iNaturalist,Aluterus monoceros,taxon_id=194921,high,downloaded,C:\Users\s0829\fishergo\data\fish_audit6_full_rebuild\photo_cache\fish-026.jpg
027,白點竹鯊,狗仔鯊,Chiloscyllium plagiosum,其他魚類,標準紡錘型,2,assets/fish/icons/generated/027.png,C:\Users\s0829\fishergo\assets\fish\icons\generated\027.png,https://inaturalist-open-data.s3.amazonaws.com/photos/452814206/large.jpeg,iNaturalist,Chiloscyllium plagiosum,taxon_id=97440,high,downloaded,C:\Users\s0829\fishergo\data\fish_audit6_full_rebuild\photo_cache\fish-027.jpg
028,皇帝魚,皇帝魚,Scomberoides lysan,其他魚類,標準紡錘型,2,assets/fish/icons/generated/028.png,C:\Users\s0829\fishergo\assets\fish\icons\generated\028.png,https://inaturalist-open-data.s3.amazonaws.com/photos/568300826/large.jpg,iNaturalist,Scomberoides lysan,taxon_id=127131,high,downloaded,C:\Users\s0829\fishergo\data\fish_audit6_full_rebuild\photo_cache\fish-028.jpg
029,短吻飛魚,飛魚,,其他魚類,標準紡錘型,2,assets/fish/icons/generated/029.png,C:\Users\s0829\fishergo\assets\fish\icons\generated\029.png,https://upload.wikimedia.org/wikipedia/commons/8/81/Segment_C2A000055N000000000PBJ.png,Wikipedia-zh,飛魚服,https://zh.wikipedia.org/wiki/%E9%A3%9B%E9%AD%9A%E6%9C%8D,medium,downloaded,C:\Users\s0829\fishergo\data\fish_audit6_full_rebuild\photo_cache\fish-029.jpg
030,石首魚,石首,Helotes octolineatus,其他魚類,標準紡錘型,2,assets/fish/icons/generated/030.png,C:\Users\s0829\fishergo\assets\fish\icons\generated\030.png,https://static.inaturalist.org/photos/560865392/large.jpg,iNaturalist,Helotes octolineatus,taxon_id=622527,high,downloaded,C:\Users\s0829\fishergo\data\fish_audit6_full_rebuild\photo_cache\fish-030.jpg
031,窄帶馬鮫,馬鮫,Scomberomorus commerson,其他魚類,標準紡錘型,2,assets/fish/icons/generated/031.png,C:\Users\s0829\fishergo\assets\fish\icons\generated\031.png,https://inaturalist-open-data.s3.amazonaws.com/photos/218054923/large.jpg,iNaturalist,Scomberomorus commerson,taxon_id=132369,high,downloaded,C:\Users\s0829\fishergo\data\fish_audit6_full_rebuild\photo_cache\fish-031.jpg
032,紅魔鬼岩魚,紅魔鬼,,其他魚類,標準紡錘型,2,assets/fish/icons/generated/032.png,C:\Users\s0829\fishergo\assets\fish\icons\generated\032.png,https://upload.wikimedia.org/wikipedia/commons/thumb/b/bf/Pterois_volitans_Manado-e_edit.jpg/1280px-Pterois_volitans_Manado-e_edit.jpg,Wikipedia-zh,魔鬼蓑鮋,https://zh.wikipedia.org/wiki/%E9%AD%94%E9%AC%BC%E8%93%91%E9%AE%8B,medium,downloaded,C:\Users\s0829\fishergo\data\fish_audit6_full_rebuild\photo_cache\fish-032.jpg
033,羊魚,鬚鯛,Upeneichthys porosus,其他魚類,標準紡錘型,2,assets/fish/icons/generated/033.png,C:\Users\s0829\fishergo\assets\fish\icons\generated\033.png,https://inaturalist-open-data.s3.amazonaws.com/photos/597242015/large.jpg,iNaturalist,Upeneichthys porosus,taxon_id=1316675,high,downloaded,C:\Users\s0829\fishergo\data\fish_audit6_full_rebuild\photo_cache\fish-033.jpg
034,羊魚（鬚）,鬚羊魚,,其他魚類,標準紡錘型,2,assets/fish/icons/generated/034.png,C:\Users\s0829\fishergo\assets\fish\icons\generated\034.png,,,,,not_found,missing,
035,花生魚,花生魚,,其他魚類,標準紡錘型,2,assets/fish/icons/generated/035.png,C:\Users\s0829\fishergo\assets\fish\icons\generated\035.png,,,,,not_found,missing,
036,花鰹,花煙,Euthynnus affinis,其他魚類,標準紡錘型,2,assets/fish/icons/generated/036.png,C:\Users\s0829\fishergo\assets\fish\icons\generated\036.png,https://inaturalist-open-data.s3.amazonaws.com/photos/490499838/large.jpg,iNaturalist,Euthynnus affinis,taxon_id=120615,high,downloaded,C:\Users\s0829\fishergo\data\fish_audit6_full_rebuild\photo_cache\fish-036.jpg
037,蛋斑隆頭魚,青衣,,其他魚類,標準紡錘型,2,assets/fish/icons/generated/037.png,C:\Users\s0829\fishergo\assets\fish\icons\generated\037.png,,,,,not_found,missing,
038,角聲魚,角聲,,其他魚類,標準紡錘型,2,assets/fish/icons/generated/038.png,C:\Users\s0829\fishergo\assets\fish\icons\generated\038.png,,,,,not_found,missing,
039,豹紋珊瑚鱸,東星斑,Plectropomus leopardus,其他魚類,標準紡錘型,2,assets/fish/icons/generated/039.png,C:\Users\s0829\fishergo\assets\fish\icons\generated\039.png,https://inaturalist-open-data.s3.amazonaws.com/photos/368379613/large.jpg,iNaturalist,Plectropomus leopardus,taxon_id=109743,high,downloaded,C:\Users\s0829\fishergo\data\fish_audit6_full_rebuild\photo_cache\fish-039.jpg
040,連米銀腹魚,連米魚,,其他魚類,標準紡錘型,2,assets/fish/icons/generated/040.png,C:\Users\s0829\fishergo\assets\fish\icons\generated\040.png,,,,,not_found,missing,
041,里夫黃姑魚,花黃姑,,其他魚類,標準紡錘型,2,assets/fish/icons/generated/041.png,C:\Users\s0829\fishergo\assets\fish\icons\generated\041.png,,,,,not_found,missing,
042,金目鱸,金目鱸,Lates calcarifer,其他魚類,標準紡錘型,2,assets/fish/icons/generated/042.png,C:\Users\s0829\fishergo\assets\fish\icons\generated\042.png,https://inaturalist-open-data.s3.amazonaws.com/photos/185179192/large.jpg,iNaturalist,Lates calcarifer,taxon_id=47353,high,downloaded,C:\Users\s0829\fishergo\data\fish_audit6_full_rebuild\photo_cache\fish-042.jpg
043,金線馬頭魚,紅衫馬頭,Nemipterus virgatus,其他魚類,標準紡錘型,2,assets/fish/icons/generated/043.png,C:\Users\s0829\fishergo\assets\fish\icons\generated\043.png,https://inaturalist-open-data.s3.amazonaws.com/photos/603560190/large.jpg,iNaturalist,Nemipterus virgatus,taxon_id=106701,high,downloaded,C:\Users\s0829\fishergo\data\fish_audit6_full_rebuild\photo_cache\fish-043.jpg
044,銀鯡,鯡魚,Gerres subfasciatus,其他魚類,標準紡錘型,2,assets/fish/icons/generated/044.png,C:\Users\s0829\fishergo\assets\fish\icons\generated\044.png,https://inaturalist-open-data.s3.amazonaws.com/photos/273254451/large.jpeg,iNaturalist,Gerres subfasciatus,taxon_id=367950,high,downloaded,C:\Users\s0829\fishergo\data\fish_audit6_full_rebuild\photo_cache\fish-044.jpg
045,銀鯧,白鯧,Pampus argenteus,其他魚類,標準紡錘型,2,assets/fish/icons/generated/045.png,C:\Users\s0829\fishergo\assets\fish\icons\generated\045.png,https://static.inaturalist.org/photos/22208601/large.jpeg,iNaturalist,Pampus argenteus,taxon_id=52731,high,downloaded,C:\Users\s0829\fishergo\data\fish_audit6_full_rebuild\photo_cache\fish-045.jpg
046,銀鱚,沙鑽,Sillago argentifasciata,其他魚類,標準紡錘型,2,assets/fish/icons/generated/046.png,C:\Users\s0829\fishergo\assets\fish\icons\generated\046.png,,,,,not_found,missing,
047,青鱗小沙丁,青鱗沙甸,,其他魚類,標準紡錘型,2,assets/fish/icons/generated/047.png,C:\Users\s0829\fishergo\assets\fish\icons\generated\047.png,,,,,not_found,missing,
048,髭尾扁頭魚,牛鰍魚,Platycephalus indicus,其他魚類,標準紡錘型,2,assets/fish/icons/generated/048.png,C:\Users\s0829\fishergo\assets\fish\icons\generated\048.png,https://inaturalist-open-data.s3.amazonaws.com/photos/396400155/large.jpeg,iNaturalist,Platycephalus indicus,taxon_id=109634,high,downloaded,C:\Users\s0829\fishergo\data\fish_audit6_full_rebuild\photo_cache\fish-048.jpg
049,鮣魚,貼魚,Remora remora,其他魚類,標準紡錘型,2,assets/fish/icons/generated/049.png,C:\Users\s0829\fishergo\assets\fish\icons\generated\049.png,https://inaturalist-open-data.s3.amazonaws.com/photos/114608642/large.jpg,iNaturalist,Remora remora,taxon_id=120697,high,downloaded,C:\Users\s0829\fishergo\data\fish_audit6_full_rebuild\photo_cache\fish-049.jpg
050,鯷魚,鯷仔,Engraulis australis,其他魚類,標準紡錘型,2,assets/fish/icons/generated/050.png,C:\Users\s0829\fishergo\assets\fish\icons\generated\050.png,https://inaturalist-open-data.s3.amazonaws.com/photos/410499471/large.jpg,iNaturalist,Engraulis australis,taxon_id=502271,high,downloaded,C:\Users\s0829\fishergo\data\fish_audit6_full_rebuild\photo_cache\fish-050.jpg
051,鰶魚,鰶魚,Dorosoma cepedianum,其他魚類,標準紡錘型,2,assets/fish/icons/generated/051.png,C:\Users\s0829\fishergo\assets\fish\icons\generated\051.png,https://inaturalist-open-data.s3.amazonaws.com/photos/13512005/large.jpeg,iNaturalist,Dorosoma cepedianum,taxon_id=99544,high,downloaded,C:\Users\s0829\fishergo\data\fish_audit6_full_rebuild\photo_cache\fish-051.jpg
052,黃姑魚,黃花魚,Umbrina roncador,其他魚類,標準紡錘型,2,assets/fish/icons/generated/052.png,C:\Users\s0829\fishergo\assets\fish\icons\generated\052.png,https://static.inaturalist.org/photos/50887928/large.jpg,iNaturalist,Umbrina roncador,taxon_id=114756,high,downloaded,C:\Users\s0829\fishergo\data\fish_audit6_full_rebuild\photo_cache\fish-052.jpg
053,黃甲魚,黃甲,,其他魚類,標準紡錘型,2,assets/fish/icons/generated/053.png,C:\Users\s0829\fishergo\assets\fish\icons\generated\053.png,,,,,not_found,missing,
054,黑帶金鼓,黑帶金鼓,Neoscorpis lithophilus,其他魚類,標準紡錘型,2,assets/fish/icons/generated/054.png,C:\Users\s0829\fishergo\assets\fish\icons\generated\054.png,https://inaturalist-open-data.s3.amazonaws.com/photos/595194086/large.jpg,iNaturalist,Neoscorpis lithophilus,taxon_id=615599,high,downloaded,C:\Users\s0829\fishergo\data\fish_audit6_full_rebuild\photo_cache\fish-054.jpg
055,黑邊銀鯽,黑邊銀鯽,,其他魚類,標準紡錘型,2,assets/fish/icons/generated/055.png,C:\Users\s0829\fishergo\assets\fish\icons\generated\055.png,,,,,not_found,missing,
056,黑鯧,黑鯧,Parastromateus niger,其他魚類,標準紡錘型,2,assets/fish/icons/generated/056.png,C:\Users\s0829\fishergo\assets\fish\icons\generated\056.png,https://inaturalist-open-data.s3.amazonaws.com/photos/240696337/large.jpeg,iNaturalist,Parastromateus niger,taxon_id=529703,high,downloaded,C:\Users\s0829\fishergo\data\fish_audit6_full_rebuild\photo_cache\fish-056.jpg
057,鼠尾隆頭魚,老鼠斑衣,,其他魚類,標準紡錘型,2,assets/fish/icons/generated/057.png,C:\Users\s0829\fishergo\assets\fish\icons\generated\057.png,,,,,not_found,missing,
058,龍舟魚,龍舟,,其他魚類,標準紡錘型,2,assets/fish/icons/generated/058.png,C:\Users\s0829\fishergo\assets\fish\icons\generated\058.png,,,,,not_found,missing,
059,半嘴魚,半嘴,Hemiramphus far,其他魚類,細長型,2,assets/fish/icons/generated/059.png,C:\Users\s0829\fishergo\assets\fish\icons\generated\059.png,https://static.inaturalist.org/photos/87077055/large.jpg,iNaturalist,Hemiramphus far,taxon_id=429399,high,downloaded,C:\Users\s0829\fishergo\data\fish_audit6_full_rebuild\photo_cache\fish-059.jpg
060,針魚,針魚,Petalichthys capensis,其他魚類,細長型,2,assets/fish/icons/generated/060.png,C:\Users\s0829\fishergo\assets\fish\icons\generated\060.png,,,,,not_found,missing,
061,青針魚,青針,,其他魚類,細長型,2,assets/fish/icons/generated/061.png,C:\Users\s0829\fishergo\assets\fish\icons\generated\061.png,,,,,not_found,missing,
062,比目魚,左口魚,Asterorhombus cocosensis,底棲近岸類,扁平型,2,assets/fish/icons/generated/062.png,C:\Users\s0829\fishergo\assets\fish\icons\generated\062.png,,,,,not_found,missing,
063,海鯰,海塘蝨,Genidens barbus,底棲近岸類,標準紡錘型,3,assets/fish/icons/generated/063.png,C:\Users\s0829\fishergo\assets\fish\icons\generated\063.png,https://inaturalist-open-data.s3.amazonaws.com/photos/467915811/large.jpg,iNaturalist,Genidens barbus,taxon_id=359778,high,downloaded,C:\Users\s0829\fishergo\data\fish_audit6_full_rebuild\photo_cache\fish-063.jpg
064,大鱗烏頭,大眼烏頭,Ellochelon vaigiensis,底棲近岸類,標準紡錘型,2,assets/fish/icons/generated/064.png,C:\Users\s0829\fishergo\assets\fish\icons\generated\064.png,https://inaturalist-open-data.s3.amazonaws.com/photos/23475092/large.jpeg,iNaturalist,Ellochelon vaigiensis,taxon_id=445910,high,downloaded,C:\Users\s0829\fishergo\data\fish_audit6_full_rebuild\photo_cache\fish-064.jpg
065,彈塗魚,彈塗,Periophthalmus barbarus,底棲近岸類,標準紡錘型,2,assets/fish/icons/generated/065.png,C:\Users\s0829\fishergo\assets\fish\icons\generated\065.png,https://inaturalist-open-data.s3.amazonaws.com/photos/348457955/large.jpeg,iNaturalist,Periophthalmus barbarus,taxon_id=67836,high,downloaded,C:\Users\s0829\fishergo\data\fish_audit6_full_rebuild\photo_cache\fish-065.jpg
066,灰烏頭,烏頭,Chelon labrosus,底棲近岸類,標準紡錘型,2,assets/fish/icons/generated/066.png,C:\Users\s0829\fishergo\assets\fish\icons\generated\066.png,https://inaturalist-open-data.s3.amazonaws.com/photos/162225594/large.jpg,iNaturalist,Chelon labrosus,taxon_id=97345,high,downloaded,C:\Users\s0829\fishergo\data\fish_audit6_full_rebuild\photo_cache\fish-066.jpg
067,狗母魚,狗母,Synodus variegatus,底棲近岸類,標準紡錘型,2,assets/fish/icons/generated/067.png,C:\Users\s0829\fishergo\assets\fish\icons\generated\067.png,https://inaturalist-open-data.s3.amazonaws.com/photos/30808247/large.jpg,iNaturalist,Synodus variegatus,taxon_id=123124,high,downloaded,C:\Users\s0829\fishergo\data\fish_audit6_full_rebuild\photo_cache\fish-067.jpg
068,花狗母魚,花狗母,,底棲近岸類,標準紡錘型,2,assets/fish/icons/generated/068.png,C:\Users\s0829\fishergo\assets\fish\icons\generated\068.png,,,,,not_found,missing,
069,鰕虎魚,狗公魚,Neogobius melanostomus,底棲近岸類,標準紡錘型,2,assets/fish/icons/generated/069.png,C:\Users\s0829\fishergo\assets\fish\icons\generated\069.png,https://static.inaturalist.org/photos/13163749/large.jpg,iNaturalist,Neogobius melanostomus,taxon_id=106743,high,downloaded,C:\Users\s0829\fishergo\data\fish_audit6_full_rebuild\photo_cache\fish-069.jpg
070,鰻尾鯰,海塘蝨,Tandanus tandanus,底棲近岸類,細長型,3,assets/fish/icons/generated/070.png,C:\Users\s0829\fishergo\assets\fish\icons\generated\070.png,https://inaturalist-open-data.s3.amazonaws.com/photos/538401186/large.jpg,iNaturalist,Tandanus tandanus,taxon_id=521489,high,downloaded,C:\Users\s0829\fishergo\data\fish_audit6_full_rebuild\photo_cache\fish-070.jpg
071,康吉鰻,星鰻,Conger conger,底棲近岸類,細長型,2,assets/fish/icons/generated/071.png,C:\Users\s0829\fishergo\assets\fish\icons\generated\071.png,https://inaturalist-open-data.s3.amazonaws.com/photos/196988613/large.jpeg,iNaturalist,Conger conger,taxon_id=118589,high,downloaded,C:\Users\s0829\fishergo\data\fish_audit6_full_rebuild\photo_cache\fish-071.jpg
072,獅子魚,火魚,Pterois volitans,毒棘礁棲類,棘鰭型,5,assets/fish/icons/generated/072.png,C:\Users\s0829\fishergo\assets\fish\icons\generated\072.png,https://static.inaturalist.org/photos/29368079/large.jpg,iNaturalist,Pterois volitans,taxon_id=47280,high,downloaded,C:\Users\s0829\fishergo\data\fish_audit6_full_rebuild\photo_cache\fish-072.jpg
073,石頭魚,石狗公,Synanceia verrucosa,毒棘礁棲類,棘鰭型,5,assets/fish/icons/generated/073.png,C:\Users\s0829\fishergo\assets\fish\icons\generated\073.png,https://inaturalist-open-data.s3.amazonaws.com/photos/76659416/large.jpg,iNaturalist,Synanceia verrucosa,taxon_id=64490,high,downloaded,C:\Users\s0829\fishergo\data\fish_audit6_full_rebuild\photo_cache\fish-073.jpg
074,蠍子魚,蠍子魚,Scorpaena porcus,毒棘礁棲類,棘鰭型,4,assets/fish/icons/generated/074.png,C:\Users\s0829\fishergo\assets\fish\icons\generated\074.png,https://inaturalist-open-data.s3.amazonaws.com/photos/51396772/large.jpg,iNaturalist,Scorpaena porcus,taxon_id=118631,high,downloaded,C:\Users\s0829\fishergo\data\fish_audit6_full_rebuild\photo_cache\fish-074.jpg
075,橙點石斑,紅斑,Epinephelus coioides,石斑類,粗壯型,3,assets/fish/icons/generated/075.png,C:\Users\s0829\fishergo\assets\fish\icons\generated\075.png,https://static.inaturalist.org/photos/421816214/large.jpeg,iNaturalist,Epinephelus coioides,taxon_id=100089,high,downloaded,C:\Users\s0829\fishergo\data\fish_audit6_full_rebuild\photo_cache\fish-075.jpg
076,芝麻石斑,芝麻斑,,石斑類,粗壯型,3,assets/fish/icons/generated/076.png,C:\Users\s0829\fishergo\assets\fish\icons\generated\076.png,https://upload.wikimedia.org/wikipedia/commons/9/97/Epinephelus_areolatus%2C_black_background%2C_New_Caledonia.jpg,Wikipedia-zh,寶石石斑魚,https://zh.wikipedia.org/wiki/%E5%AF%B6%E7%9F%B3%E7%9F%B3%E6%96%91%E9%AD%9A,medium,downloaded,C:\Users\s0829\fishergo\data\fish_audit6_full_rebuild\photo_cache\fish-076.jpg
077,花頭石斑,花頭斑,,石斑類,粗壯型,3,assets/fish/icons/generated/077.png,C:\Users\s0829\fishergo\assets\fish\icons\generated\077.png,https://upload.wikimedia.org/wikipedia/commons/b/bb/Epinephelus_latifasciatus.jpg,Wikipedia-zh,寬帶石斑魚,https://zh.wikipedia.org/wiki/%E5%AF%AC%E5%B8%B6%E7%9F%B3%E6%96%91%E9%AD%9A,medium,downloaded,C:\Users\s0829\fishergo\data\fish_audit6_full_rebuild\photo_cache\fish-077.jpg
078,香港石斑,青斑,Epinephelus akaara,石斑類,粗壯型,3,assets/fish/icons/generated/078.png,C:\Users\s0829\fishergo\assets\fish\icons\generated\078.png,https://static.inaturalist.org/photos/67181260/large.jpeg,iNaturalist,Epinephelus akaara,taxon_id=49638,high,downloaded,C:\Users\s0829\fishergo\data\fish_audit6_full_rebuild\photo_cache\fish-078.jpg
079,馬拉巴石斑,老虎斑,Epinephelus malabaricus,石斑類,粗壯型,3,assets/fish/icons/generated/079.png,C:\Users\s0829\fishergo\assets\fish\icons\generated\079.png,https://static.inaturalist.org/photos/25405443/large.jpg,iNaturalist,Epinephelus malabaricus,taxon_id=100118,high,downloaded,C:\Users\s0829\fishergo\data\fish_audit6_full_rebuild\photo_cache\fish-079.jpg
080,黑線石斑,黑線斑,,石斑類,粗壯型,3,assets/fish/icons/generated/080.png,C:\Users\s0829\fishergo\assets\fish\icons\generated\080.png,https://upload.wikimedia.org/wikipedia/commons/thumb/c/c8/Cromileptes_altivelis_-_Paddelbarsch_-_Panther_grouper.jpg/1280px-Cromileptes_altivelis_-_Paddelbarsch_-_Panther_grouper.jpg,Wikipedia-zh,石斑魚,https://zh.wikipedia.org/wiki/%E7%9F%B3%E6%96%91%E9%AD%9A,medium,downloaded,C:\Users\s0829\fishergo\data\fish_audit6_full_rebuild\photo_cache\fish-080.jpg
081,龍膽石斑,龍躉,Epinephelus lanceolatus,石斑類,粗壯型,3,assets/fish/icons/generated/081.png,C:\Users\s0829\fishergo\assets\fish\icons\generated\081.png,https://static.inaturalist.org/photos/386562137/large.jpg,iNaturalist,Epinephelus lanceolatus,taxon_id=100111,high,downloaded,C:\Users\s0829\fishergo\data\fish_audit6_full_rebuild\photo_cache\fish-081.jpg
082,箱魨,箱魨,Ostracion cubicum,礁棲觀賞類,圓筒型,4,assets/fish/icons/generated/082.png,C:\Users\s0829\fishergo\assets\fish\icons\generated\082.png,https://inaturalist-open-data.s3.amazonaws.com/photos/228340980/large.jpg,iNaturalist,Ostracion cubicum,taxon_id=49378,high,downloaded,C:\Users\s0829\fishergo\data\fish_audit6_full_rebuild\photo_cache\fish-082.jpg
083,扳機魚,炮彈魚,Balistoides viridescens,礁棲觀賞類,標準紡錘型,4,assets/fish/icons/generated/083.png,C:\Users\s0829\fishergo\assets\fish\icons\generated\083.png,https://inaturalist-open-data.s3.amazonaws.com/photos/91080390/large.jpg,iNaturalist,Balistoides viridescens,taxon_id=123392,high,downloaded,C:\Users\s0829\fishergo\data\fish_audit6_full_rebuild\photo_cache\fish-083.jpg
084,橙點馬面魨,馬面,Cantherhines pullus,礁棲觀賞類,標準紡錘型,3,assets/fish/icons/generated/084.png,C:\Users\s0829\fishergo\assets\fish\icons\generated\084.png,https://inaturalist-open-data.s3.amazonaws.com/photos/599527615/large.jpg,iNaturalist,Cantherhines pullus,taxon_id=49275,high,downloaded,C:\Users\s0829\fishergo\data\fish_audit6_full_rebuild\photo_cache\fish-084.jpg
085,長帆馬面魨,長帆馬面,Stephanolepis cirrhifer,礁棲觀賞類,標準紡錘型,3,assets/fish/icons/generated/085.png,C:\Users\s0829\fishergo\assets\fish\icons\generated\085.png,https://inaturalist-open-data.s3.amazonaws.com/photos/454159082/large.jpeg,iNaturalist,Stephanolepis cirrhifer,taxon_id=418232,high,downloaded,C:\Users\s0829\fishergo\data\fish_audit6_full_rebuild\photo_cache\fish-085.jpg
086,蝶魚,蝴蝶魚,Chaetodon marleyi,礁棲觀賞類,標準紡錘型,2,assets/fish/icons/generated/086.png,C:\Users\s0829\fishergo\assets\fish\icons\generated\086.png,https://inaturalist-open-data.s3.amazonaws.com/photos/359692990/large.jpg,iNaturalist,Chaetodon marleyi,taxon_id=97173,high,downloaded,C:\Users\s0829\fishergo\data\fish_audit6_full_rebuild\photo_cache\fish-086.jpg
087,鸚哥魚,鸚哥,Sparisoma viride,礁棲觀賞類,標準紡錘型,2,assets/fish/icons/generated/087.png,C:\Users\s0829\fishergo\assets\fish\icons\generated\087.png,https://inaturalist-open-data.s3.amazonaws.com/photos/451417243/large.jpeg,iNaturalist,Sparisoma viride,taxon_id=112867,high,downloaded,C:\Users\s0829\fishergo\data\fish_audit6_full_rebuild\photo_cache\fish-087.jpg
088,泥鯭,泥鯭,Siganus fuscescens,近岸草食類,標準紡錘型,2,assets/fish/icons/generated/088.png,C:\Users\s0829\fishergo\assets\fish\icons\generated\088.png,https://inaturalist-open-data.s3.amazonaws.com/photos/459084177/large.jpg,iNaturalist,Siganus fuscescens,taxon_id=132412,high,downloaded,C:\Users\s0829\fishergo\data\fish_audit6_full_rebuild\photo_cache\fish-088.jpg
089,三點雀鯛,三點姑娘魚,,鯛科/笛鯛類,標準紡錘型,2,assets/fish/icons/generated/089.png,C:\Users\s0829\fishergo\assets\fish\icons\generated\089.png,,,,,not_found,missing,
090,天竺鯛,天竺鯛,Apogon imberbis,鯛科/笛鯛類,標準紡錘型,2,assets/fish/icons/generated/090.png,C:\Users\s0829\fishergo\assets\fish\icons\generated\090.png,https://inaturalist-open-data.s3.amazonaws.com/photos/54291487/large.jpg,iNaturalist,Apogon imberbis,taxon_id=118514,high,downloaded,C:\Users\s0829\fishergo\data\fish_audit6_full_rebuild\photo_cache\fish-090.jpg
091,星點笛鯛,星點紅友,Lutjanus stellatus,鯛科/笛鯛類,標準紡錘型,2,assets/fish/icons/generated/091.png,C:\Users\s0829\fishergo\assets\fish\icons\generated\091.png,https://inaturalist-open-data.s3.amazonaws.com/photos/314617014/large.jpg,iNaturalist,Lutjanus stellatus,taxon_id=616955,high,downloaded,C:\Users\s0829\fishergo\data\fish_audit6_full_rebuild\photo_cache\fish-091.jpg
092,橫帶小鯛,橫帶小鱲,Labrus viridis,鯛科/笛鯛類,標準紡錘型,2,assets/fish/icons/generated/092.png,C:\Users\s0829\fishergo\assets\fish\icons\generated\092.png,https://inaturalist-open-data.s3.amazonaws.com/photos/225545021/large.jpg,iNaturalist,Labrus viridis,taxon_id=103914,high,downloaded,C:\Users\s0829\fishergo\data\fish_audit6_full_rebuild\photo_cache\fish-092.jpg
093,沙鯛,沙鱲,,鯛科/笛鯛類,標準紡錘型,2,assets/fish/icons/generated/093.png,C:\Users\s0829\fishergo\assets\fish\icons\generated\093.png,https://upload.wikimedia.org/wikipedia/commons/thumb/b/b9/Pagrus_major_Red_seabream_ja01.jpg/1280px-Pagrus_major_Red_seabream_ja01.jpg,Wikipedia-zh,真鯛,https://zh.wikipedia.org/wiki/%E7%9C%9F%E9%AF%9B,medium,downloaded,C:\Users\s0829\fishergo\data\fish_audit6_full_rebuild\photo_cache\fish-093.jpg
094,油鯛,油甘魚,,鯛科/笛鯛類,標準紡錘型,2,assets/fish/icons/generated/094.png,C:\Users\s0829\fishergo\assets\fish\icons\generated\094.png,https://upload.wikimedia.org/wikipedia/commons/1/1a/Take_away_sushi_here_comes_with_the_cutest_little_ampules_of_soy_sauce._Resealable_too%21_%2827461225666%29.jpg,Wikipedia-zh,醬油鯛,https://zh.wikipedia.org/wiki/%E9%86%AC%E6%B2%B9%E9%AF%9B,medium,downloaded,C:\Users\s0829\fishergo\data\fish_audit6_full_rebuild\photo_cache\fish-094.jpg
095,火焰笛鯛,火焰紅友,Etelis coruscans,鯛科/笛鯛類,標準紡錘型,2,assets/fish/icons/generated/095.png,C:\Users\s0829\fishergo\assets\fish\icons\generated\095.png,https://inaturalist-open-data.s3.amazonaws.com/photos/381328073/large.jpeg,iNaturalist,Etelis coruscans,taxon_id=410999,high,downloaded,C:\Users\s0829\fishergo\data\fish_audit6_full_rebuild\photo_cache\fish-095.jpg
096,牙點鯛,牙點鱲,,鯛科/笛鯛類,標準紡錘型,2,assets/fish/icons/generated/096.png,C:\Users\s0829\fishergo\assets\fish\icons\generated\096.png,https://upload.wikimedia.org/wikipedia/commons/0/0c/Cheilodipterus_artus1.jpg,Wikipedia-zh,縱帶巨牙天竺鯛,https://zh.wikipedia.org/wiki/%E7%B8%B1%E5%B8%B6%E5%B7%A8%E7%89%99%E5%A4%A9%E7%AB%BA%E9%AF%9B,medium,downloaded,C:\Users\s0829\fishergo\data\fish_audit6_full_rebuild\photo_cache\fish-096.jpg
097,白鯛,白鱲,Diplodus lineatus,鯛科/笛鯛類,標準紡錘型,2,assets/fish/icons/generated/097.png,C:\Users\s0829\fishergo\assets\fish\icons\generated\097.png,https://static.inaturalist.org/photos/28259662/large.jpg,iNaturalist,Diplodus lineatus,taxon_id=624073,high,downloaded,C:\Users\s0829\fishergo\data\fish_audit6_full_rebuild\photo_cache\fish-097.jpg
098,約翰笛鯛,黃雞魚,,鯛科/笛鯛類,標準紡錘型,2,assets/fish/icons/generated/098.png,C:\Users\s0829\fishergo\assets\fish\icons\generated\098.png,https://upload.wikimedia.org/wikipedia/commons/thumb/2/2f/Lutjanus_kasmira.jpg/1280px-Lutjanus_kasmira.jpg,Wikipedia-zh,笛鯛屬,https://zh.wikipedia.org/wiki/%E7%AC%9B%E9%AF%9B%E5%B1%AC,medium,downloaded,C:\Users\s0829\fishergo\data\fish_audit6_full_rebuild\photo_cache\fish-098.jpg
099,紅樹笛鯛,紅衫公,Lutjanus argentimaculatus,鯛科/笛鯛類,標準紡錘型,2,assets/fish/icons/generated/099.png,C:\Users\s0829\fishergo\assets\fish\icons\generated\099.png,https://static.inaturalist.org/photos/224966772/large.jpeg,iNaturalist,Lutjanus argentimaculatus,taxon_id=125802,high,downloaded,C:\Users\s0829\fishergo\data\fish_audit6_full_rebuild\photo_cache\fish-099.jpg
100,紅鯛,紅鱲,Pagrus major,鯛科/笛鯛類,標準紡錘型,2,assets/fish/icons/generated/100.png,C:\Users\s0829\fishergo\assets\fish\icons\generated\100.png,https://inaturalist-open-data.s3.amazonaws.com/photos/436455057/large.jpeg,iNaturalist,Pagrus major,taxon_id=132534,high,downloaded,C:\Users\s0829\fishergo\data\fish_audit6_full_rebuild\photo_cache\fish-100.jpg
101,羅素笛鯛,紅友,Lutjanus russellii,鯛科/笛鯛類,標準紡錘型,2,assets/fish/icons/generated/101.png,C:\Users\s0829\fishergo\assets\fish\icons\generated\101.png,https://inaturalist-open-data.s3.amazonaws.com/photos/83501289/large.jpg,iNaturalist,Lutjanus russellii,taxon_id=84539,high,downloaded,C:\Users\s0829\fishergo\data\fish_audit6_full_rebuild\photo_cache\fish-101.jpg
102,赤鯛,赤鱲,,鯛科/笛鯛類,標準紡錘型,2,assets/fish/icons/generated/102.png,C:\Users\s0829\fishergo\assets\fish\icons\generated\102.png,https://upload.wikimedia.org/wikipedia/commons/thumb/0/06/Pagrus_pagrus.jpg/1280px-Pagrus_pagrus.jpg,Wikipedia-zh,赤鯛,https://zh.wikipedia.org/wiki/%E8%B5%A4%E9%AF%9B,medium,downloaded,C:\Users\s0829\fishergo\data\fish_audit6_full_rebuild\photo_cache\fish-102.jpg
103,金線鯛,紅衫,Rhabdosargus sarba,鯛科/笛鯛類,標準紡錘型,2,assets/fish/icons/generated/103.png,C:\Users\s0829\fishergo\assets\fish\icons\generated\103.png,https://inaturalist-open-data.s3.amazonaws.com/photos/452695506/large.jpeg,iNaturalist,Rhabdosargus sarba,taxon_id=245763,high,downloaded,C:\Users\s0829\fishergo\data\fish_audit6_full_rebuild\photo_cache\fish-103.jpg
104,金線鯛王,大紅衫,,鯛科/笛鯛類,標準紡錘型,2,assets/fish/icons/generated/104.png,C:\Users\s0829\fishergo\assets\fish\icons\generated\104.png,,,,,not_found,missing,
105,鋸緣雀鯛,鋸緣姑娘魚,,鯛科/笛鯛類,標準紡錘型,2,assets/fish/icons/generated/105.png,C:\Users\s0829\fishergo\assets\fish\icons\generated\105.png,,,,,not_found,missing,
106,雀鯛,姑娘魚,Chromis chromis,鯛科/笛鯛類,標準紡錘型,2,assets/fish/icons/generated/106.png,C:\Users\s0829\fishergo\assets\fish\icons\generated\106.png,https://static.inaturalist.org/photos/343571122/large.jpg,iNaturalist,Chromis chromis,taxon_id=118682,high,downloaded,C:\Users\s0829\fishergo\data\fish_audit6_full_rebuild\photo_cache\fish-106.jpg
107,馬友鯛,馬友鱲,,鯛科/笛鯛類,標準紡錘型,2,assets/fish/icons/generated/107.png,C:\Users\s0829\fishergo\assets\fish\icons\generated\107.png,,,,,not_found,missing,
108,黃尾笛鯛,黃尾紅友,Caesio cuning,鯛科/笛鯛類,標準紡錘型,2,assets/fish/icons/generated/108.png,C:\Users\s0829\fishergo\assets\fish\icons\generated\108.png,https://inaturalist-open-data.s3.amazonaws.com/photos/244458288/large.jpg,iNaturalist,Caesio cuning,taxon_id=135225,high,downloaded,C:\Users\s0829\fishergo\data\fish_audit6_full_rebuild\photo_cache\fish-108.jpg
109,黃尾雀鯛,黃尾姑娘魚,Microspathodon chrysurus,鯛科/笛鯛類,標準紡錘型,2,assets/fish/icons/generated/109.png,C:\Users\s0829\fishergo\assets\fish\icons\generated\109.png,https://inaturalist-open-data.s3.amazonaws.com/photos/248693932/large.jpg,iNaturalist,Microspathodon chrysurus,taxon_id=49753,high,downloaded,C:\Users\s0829\fishergo\data\fish_audit6_full_rebuild\photo_cache\fish-109.jpg
110,黃鰭鯛,黃腳鱲,Acanthopagrus latus,鯛科/笛鯛類,標準紡錘型,2,assets/fish/icons/generated/110.png,C:\Users\s0829\fishergo\assets\fish\icons\generated\110.png,https://inaturalist-open-data.s3.amazonaws.com/photos/41426256/large.jpg,iNaturalist,Acanthopagrus latus,taxon_id=245762,high,downloaded,C:\Users\s0829\fishergo\data\fish_audit6_full_rebuild\photo_cache\fish-110.jpg
111,黑沙鯛,黑沙鱲,,鯛科/笛鯛類,標準紡錘型,2,assets/fish/icons/generated/111.png,C:\Users\s0829\fishergo\assets\fish\icons\generated\111.png,https://upload.wikimedia.org/wikipedia/commons/5/51/Black_seabream%28side.JPG,Wikipedia-zh,黑棘鯛,https://zh.wikipedia.org/wiki/%E9%BB%91%E6%A3%98%E9%AF%9B,medium,downloaded,C:\Users\s0829\fishergo\data\fish_audit6_full_rebuild\photo_cache\fish-111.jpg
112,黑鯛,烏頭鱲,Spondyliosoma cantharus,鯛科/笛鯛類,標準紡錘型,2,assets/fish/icons/generated/112.png,C:\Users\s0829\fishergo\assets\fish\icons\generated\112.png,https://inaturalist-open-data.s3.amazonaws.com/photos/531386046/large.jpg,iNaturalist,Spondyliosoma cantharus,taxon_id=118655,high,downloaded,C:\Users\s0829\fishergo\data\fish_audit6_full_rebuild\photo_cache\fish-112.jpg
113,印度鯖,鯖魚,Rastrelliger kanagurta,鰺科/洄游類,標準紡錘型,2,assets/fish/icons/generated/113.png,C:\Users\s0829\fishergo\assets\fish\icons\generated\113.png,https://inaturalist-open-data.s3.amazonaws.com/photos/254005025/large.jpg,iNaturalist,Rastrelliger kanagurta,taxon_id=133530,high,downloaded,C:\Users\s0829\fishergo\data\fish_audit6_full_rebuild\photo_cache\fish-113.jpg
114,大眼竹筴魚,大眼竹筴,,鰺科/洄游類,標準紡錘型,2,assets/fish/icons/generated/114.png,C:\Users\s0829\fishergo\assets\fish\icons\generated\114.png,,,,,not_found,missing,
115,大眼竹筴魚王,竹筴王,Selar crumenophthalmus,鰺科/洄游類,標準紡錘型,2,assets/fish/icons/generated/115.png,C:\Users\s0829\fishergo\assets\fish\icons\generated\115.png,https://inaturalist-open-data.s3.amazonaws.com/photos/156581317/large.jpg,iNaturalist,Selar crumenophthalmus,taxon_id=47229,high,downloaded,C:\Users\s0829\fishergo\data\fish_audit6_full_rebuild\photo_cache\fish-115.jpg
116,橙鰭銀腹鯧鰺,黃腳鯧鰺,Photopectoralis bindus,鰺科/洄游類,標準紡錘型,2,assets/fish/icons/generated/116.png,C:\Users\s0829\fishergo\assets\fish\icons\generated\116.png,https://inaturalist-open-data.s3.amazonaws.com/photos/425931931/large.jpeg,iNaturalist,Photopectoralis bindus,taxon_id=347809,high,downloaded,C:\Users\s0829\fishergo\data\fish_audit6_full_rebuild\photo_cache\fish-116.jpg
117,紫胸馬加鰆,馬加鰆,Rhinomuraena quaesita,鰺科/洄游類,標準紡錘型,2,assets/fish/icons/generated/117.png,C:\Users\s0829\fishergo\assets\fish\icons\generated\117.png,https://inaturalist-open-data.s3.amazonaws.com/photos/50912229/large.jpg,iNaturalist,Rhinomuraena quaesita,taxon_id=111716,high,downloaded,C:\Users\s0829\fishergo\data\fish_audit6_full_rebuild\photo_cache\fish-117.jpg
118,細鱗竹筴魚,細鱗竹筴,Alepes apercna,鰺科/洄游類,標準紡錘型,2,assets/fish/icons/generated/118.png,C:\Users\s0829\fishergo\assets\fish\icons\generated\118.png,https://inaturalist-open-data.s3.amazonaws.com/photos/400119177/large.jpeg,iNaturalist,Alepes apercna,taxon_id=368836,high,downloaded,C:\Users\s0829\fishergo\data\fish_audit6_full_rebuild\photo_cache\fish-118.jpg
119,金鰭鰺,金鰭瓜,Gnathanodon speciosus,鰺科/洄游類,標準紡錘型,2,assets/fish/icons/generated/119.png,C:\Users\s0829\fishergo\assets\fish\icons\generated\119.png,https://inaturalist-open-data.s3.amazonaws.com/photos/361844564/large.jpeg,iNaturalist,Gnathanodon speciosus,taxon_id=194896,high,downloaded,C:\Users\s0829\fishergo\data\fish_audit6_full_rebuild\photo_cache\fish-119.jpg
120,銀腹鯧鰺,鯧鰺,Leiognathus equula,鰺科/洄游類,標準紡錘型,2,assets/fish/icons/generated/120.png,C:\Users\s0829\fishergo\assets\fish\icons\generated\120.png,https://inaturalist-open-data.s3.amazonaws.com/photos/72776138/large.jpg,iNaturalist,Leiognathus equula,taxon_id=1316670,high,downloaded,C:\Users\s0829\fishergo\data\fish_audit6_full_rebuild\photo_cache\fish-120.jpg
121,長尾吞拿,吞拿,Thunnus tonggol,鰺科/洄游類,標準紡錘型,2,assets/fish/icons/generated/121.png,C:\Users\s0829\fishergo\assets\fish\icons\generated\121.png,https://inaturalist-open-data.s3.amazonaws.com/photos/431555995/large.jpg,iNaturalist,Thunnus tonggol,taxon_id=188561,high,downloaded,C:\Users\s0829\fishergo\data\fish_audit6_full_rebuild\photo_cache\fish-121.jpg
122,馬拉巴鰺,白瓜,Platycaranx malabaricus,鰺科/洄游類,標準紡錘型,2,assets/fish/icons/generated/122.png,C:\Users\s0829\fishergo\assets\fish\icons\generated\122.png,https://inaturalist-open-data.s3.amazonaws.com/photos/396455734/large.jpeg,iNaturalist,Platycaranx malabaricus,taxon_id=1360058,high,downloaded,C:\Users\s0829\fishergo\data\fish_audit6_full_rebuild\photo_cache\fish-122.jpg
123,黃尾擬鰺,黃尾瓜,,鰺科/洄游類,標準紡錘型,2,assets/fish/icons/generated/123.png,C:\Users\s0829\fishergo\assets\fish\icons\generated\123.png,https://upload.wikimedia.org/wikipedia/commons/thumb/9/91/Pseudocaranx_dentex_%28White_trevally%29.jpg/1280px-Pseudocaranx_dentex_%28White_trevally%29.jpg,Wikipedia-zh,黃帶擬鰺,https://zh.wikipedia.org/wiki/%E9%BB%83%E5%B8%B6%E6%93%AC%E9%B0%BA,medium,downloaded,C:\Users\s0829\fishergo\data\fish_audit6_full_rebuild\photo_cache\fish-123.jpg
124,黃尾竹筴魚,竹筴,Trachurus novaezelandiae,鰺科/洄游類,標準紡錘型,2,assets/fish/icons/generated/124.png,C:\Users\s0829\fishergo\assets\fish\icons\generated\124.png,https://inaturalist-open-data.s3.amazonaws.com/photos/14760631/large.jpeg,iNaturalist,Trachurus novaezelandiae,taxon_id=451739,high,downloaded,C:\Users\s0829\fishergo\data\fish_audit6_full_rebuild\photo_cache\fish-124.jpg
125,黃條鰺,黃條瓜,Selaroides leptolepis,鰺科/洄游類,標準紡錘型,2,assets/fish/icons/generated/125.png,C:\Users\s0829\fishergo\assets\fish\icons\generated\125.png,https://inaturalist-open-data.s3.amazonaws.com/photos/601623266/large.jpg,iNaturalist,Selaroides leptolepis,taxon_id=182585,high,downloaded,C:\Users\s0829\fishergo\data\fish_audit6_full_rebuild\photo_cache\fish-125.jpg
